"Facility_ID","Facility_Name","Facility_Type","Latitude","Longitude","Nearest_Major_Road","Distance_to_Highway_m","Buffer_Zone"
"PAT-FAC-0001","New Gardinar Road Hospital","Hospital / Healthcare","25.610295","85.130907","Birchand Patel Path (Gardner Road)","55.7","Within 500m (High Direct Access)"
"PAT-FAC-0002","Tripolia Social Service Hospital","Hospital / Healthcare","25.614177","85.190036","Ashok Raj Path","53.1","Within 500m (High Direct Access)"
"PAT-FAC-0003","Peerbahor","Police Station / Emergency","25.619931","85.15543","Ashok Raj Path","29.4","Within 500m (High Direct Access)"
"PAT-FAC-0004","Perfect Vision Eye Clinic","Hospital / Healthcare","25.616834","85.120872","Patna Bypass / Expressway Corridor","804.1","500m - 1000m (Intermediate Access)"
"PAT-FAC-0005","Guru Govind Singh Hospital","Hospital / Healthcare","25.599677","85.214247","Ashok Raj Path","199.5","Within 500m (High Direct Access)"
"PAT-FAC-0006","Mount Carmel High School","College / University","25.610351","85.123365","Bailey Road","61","Within 500m (High Direct Access)"
"PAT-FAC-0007","HP","Fuel / Petrol Pump","25.584965","85.172906","NH Corridor (NH22)","35.9","Within 500m (High Direct Access)"
"PAT-FAC-0008","Metro Trauma Hospital","Hospital / Healthcare","25.585072","85.161475","NH Corridor (NH22)","40.4","Within 500m (High Direct Access)"
"PAT-FAC-0009","Bharat Petroleum","Fuel / Petrol Pump","25.585089","85.176392","NH Corridor (NH22)","13.2","Within 500m (High Direct Access)"
"PAT-FAC-0010","Bharat Petroleum","Fuel / Petrol Pump","25.585497","85.17853","NH Corridor (NH22)","12.3","Within 500m (High Direct Access)"
"PAT-FAC-0011","Bharat Petroleum","Fuel / Petrol Pump","25.586662","85.18868","Chapra - Patna Highway","24.3","Within 500m (High Direct Access)"
"PAT-FAC-0012","Isha health care","Hospital / Healthcare","25.604719","85.196914","Chapra - Patna Highway","58.7","Within 500m (High Direct Access)"
"PAT-FAC-0013","Gandhi Maidan Police Station","Police Station / Emergency","25.615636","85.148475","Kargil Chowk","301.8","Within 500m (High Direct Access)"
"PAT-FAC-0014","Bharat Petroleum","Fuel / Petrol Pump","25.618466","85.148888","Ashok Raj Path","22.3","Within 500m (High Direct Access)"
"PAT-FAC-0015","Dr. Sarojini Sinha Memorial Shiv-Shakti Hospital","Hospital / Healthcare","25.61961","85.124388","Ashok Rajpath","444.3","Within 500m (High Direct Access)"
"PAT-FAC-0016","Mahavir Arogya Sansthan","Hospital / Healthcare","25.60239","85.143434","Chiriya Taar overbridge","25.2","Within 500m (High Direct Access)"
"PAT-FAC-0017","Magalam Hospital","Hospital / Healthcare","25.597067","85.14573","Chiriya Taar overbridge","642.4","500m - 1000m (Intermediate Access)"
"PAT-FAC-0018","Kumar Eye Centre","Hospital / Healthcare","25.611989","85.159574","Ashok Raj Path","820.1","500m - 1000m (Intermediate Access)"
"PAT-FAC-0019","L.B.Aparajita Hospital","Hospital / Healthcare","25.618211","85.120914","Ashok Rajpath","695","500m - 1000m (Intermediate Access)"
"PAT-FAC-0020","Kumar Nursing Home, Patna","Hospital / Healthcare","25.617528","85.161146","Ashok Raj Path","189.9","Within 500m (High Direct Access)"
"PAT-FAC-0021","Kiran Nursing Home, Patna","Hospital / Healthcare","25.593588","85.151739","NH Corridor (NH139)","1063.1","1000m - 2000m (Secondary Access)"
"PAT-FAC-0022","Chakore Nursing Home","Hospital / Healthcare","25.605566","85.162724","Kumhrar Road","368.4","Within 500m (High Direct Access)"
"PAT-FAC-0023","Sri Jagannath Sewa Sadan","Hospital / Healthcare","25.595282","85.156516","kankarbagh main road","837","500m - 1000m (Intermediate Access)"
"PAT-FAC-0024","Sri Sai Lions Netralaya","Hospital / Healthcare","25.593073","85.152857","NH Corridor (NH22)","998.3","500m - 1000m (Intermediate Access)"
"PAT-FAC-0025","Sundari Devi Hospital","Hospital / Healthcare","25.59252","85.156794","NH Corridor (NH22)","901.4","500m - 1000m (Intermediate Access)"
"PAT-FAC-0026","Susruta Surgical Clinic","Hospital / Healthcare","25.610232","85.206266","Ashok Raj Path","107.5","Within 500m (High Direct Access)"
"PAT-FAC-0027","A.B. Eye Institute","Hospital / Healthcare","25.603868","85.166768","Kankarbagh Main Road","219.3","Within 500m (High Direct Access)"
"PAT-FAC-0028","Child Hospital","Hospital / Healthcare","25.613934","85.12997","Bailey Road","303.6","Within 500m (High Direct Access)"
"PAT-FAC-0029","Harsh Clinic","Hospital / Healthcare","25.622039","85.118673","Ashok Rajpath","577.7","500m - 1000m (Intermediate Access)"
"PAT-FAC-0030","Jeevak Shalya Nilayam","Hospital / Healthcare","25.620244","85.121657","Ashok Rajpath","463.2","Within 500m (High Direct Access)"
"PAT-FAC-0031","D N Singh Memorial Trust","Hospital / Healthcare","25.613093","85.11338","Atal Path Flyover","65.7","Within 500m (High Direct Access)"
"PAT-FAC-0032","Jyoti Punj Hospital","Hospital / Healthcare","25.614355","85.116208","Atal Path Flyover","379","Within 500m (High Direct Access)"
"PAT-FAC-0033","Sahaj Surgery","Hospital / Healthcare","25.601871","85.164752","Kumhrar Road","15.2","Within 500m (High Direct Access)"
"PAT-FAC-0034","Laxman Care Centre","Hospital / Healthcare","25.608238","85.155746","NH Corridor (NH139)","584.1","500m - 1000m (Intermediate Access)"
"PAT-FAC-0035","Srijan Centre For Assisted Human Reproduction","Hospital / Healthcare","25.595074","85.161305","Kumhrar Road","792.7","500m - 1000m (Intermediate Access)"
"PAT-FAC-0036","Ramwati Nursing Home","Hospital / Healthcare","25.605671","85.094643","Bailey Road Flyover","144.2","Within 500m (High Direct Access)"
"PAT-FAC-0037","Renu Eye Center","Hospital / Healthcare","25.61777","85.112898","Atal Path Flyover","306","Within 500m (High Direct Access)"
"PAT-FAC-0038","Patna Bone And Spine Hospital Pvt Ltd","Hospital / Healthcare","25.602038","85.158823","Kumhrar Road","69.7","Within 500m (High Direct Access)"
"PAT-FAC-0039","Ruban Emergency Hospital","Hospital / Healthcare","25.611925","85.140975","Major City Arterial","56.1","Within 500m (High Direct Access)"
"PAT-FAC-0040","Pramila Nursing Home, Patna","Hospital / Healthcare","25.598344","85.198457","Flyover","110.9","Within 500m (High Direct Access)"
"PAT-FAC-0041","R N Superspecility Hospital And Research Centre","Hospital / Healthcare","25.604188","85.076526","Bailey Road Flyover","171.9","Within 500m (High Direct Access)"
"PAT-FAC-0042","Rajendra Memorial Research Institute of Medical Sciences","Hospital / Healthcare","25.59975","85.197518","Flyover","160.3","Within 500m (High Direct Access)"
"PAT-FAC-0043","Rajeshwar Hospital, Patna","Hospital / Healthcare","25.601275","85.168603","Kumhrar Road","22","Within 500m (High Direct Access)"
"PAT-FAC-0044","E N T Hospital and Research Centre","Hospital / Healthcare","25.600175","85.161965","Kumhrar Road","224.2","Within 500m (High Direct Access)"
"PAT-FAC-0045","Ishwar Dayal Memorial Hospital","Hospital / Healthcare","25.585069","85.161721","NH Corridor (NH22)","35.7","Within 500m (High Direct Access)"
"PAT-FAC-0046","Jagdamba Nursing Home, Patna","Hospital / Healthcare","25.6085","85.116431","Patna Bypass / Expressway Corridor","40.2","Within 500m (High Direct Access)"
"PAT-FAC-0047","Avadh Eye Hospital- Dr Arjun Kumar Singh","Hospital / Healthcare","25.60223","85.150048","NH Corridor (NH139)","114.9","Within 500m (High Direct Access)"
"PAT-FAC-0048","Patliputra Divine Hospital Pvt Ltd","Hospital / Healthcare","25.599094","85.163844","Kumhrar Road","329.9","Within 500m (High Direct Access)"
"PAT-FAC-0049","Netradham Eye Hospital","Hospital / Healthcare","25.611292","85.115858","Atal Path","170.2","Within 500m (High Direct Access)"
"PAT-FAC-0050","Popular Nursing Home, Patna","Hospital / Healthcare","25.618389","85.163966","Ashok Raj Path","47.2","Within 500m (High Direct Access)"
"PAT-FAC-0051","Prakash Hospital, Patna","Hospital / Healthcare","25.600428","85.14707","Chiriya Taar overbridge","288.8","Within 500m (High Direct Access)"
"PAT-FAC-0052","Mahavir Vaatsalya Aspatal","Hospital / Healthcare","25.630388","85.117479","Ashok Rajpath","103.4","Within 500m (High Direct Access)"
"PAT-FAC-0053","Ford Hospital","Hospital / Healthcare","25.584241","85.163022","NH Corridor (NH22)","58.4","Within 500m (High Direct Access)"
"PAT-FAC-0054","Hope Child Care and Research Centre","Hospital / Healthcare","25.597152","85.159757","Kumhrar Road","581.4","500m - 1000m (Intermediate Access)"
"PAT-FAC-0055","Heart Hospital, Patna","Hospital / Healthcare","25.599999","85.159602","Kumhrar Road","273.5","Within 500m (High Direct Access)"
"PAT-FAC-0056","I Care Eye Hospital and Research Centre","Hospital / Healthcare","25.598205","85.179887","Kumhrar Road","288.2","Within 500m (High Direct Access)"
"PAT-FAC-0057","Chand Memorial Hospital","Hospital / Healthcare","25.628023","85.105107","Atal Path Flyover","250.8","Within 500m (High Direct Access)"
"PAT-FAC-0058","Sahyog Hospital, Patna","Hospital / Healthcare","25.629098","85.108265","Atal Path Flyover","581.8","500m - 1000m (Intermediate Access)"
"PAT-FAC-0059","Narain Nursing Home","Hospital / Healthcare","25.625858","85.11335","Ashok Rajpath","747.1","500m - 1000m (Intermediate Access)"
"PAT-FAC-0060","Jagdish Memorial Hospital","Hospital / Healthcare","25.598988","85.157278","kankarbagh main road","425.3","Within 500m (High Direct Access)"
"PAT-FAC-0061","K. B. Surgical Clinic","Hospital / Healthcare","25.611272","85.114654","Atal Path","65.4","Within 500m (High Direct Access)"
"PAT-FAC-0062","Life Care Maternity Home","Hospital / Healthcare","25.573979","85.069177","NH Corridor (NH139)","287.1","Within 500m (High Direct Access)"
"PAT-FAC-0063","Manav Orthopaedic Clinic And Maternity Home","Hospital / Healthcare","25.593287","85.172968","Kumhrar Road","874.6","500m - 1000m (Intermediate Access)"
"PAT-FAC-0064","Manas Nursing Home, Patna","Hospital / Healthcare","25.598678","85.156028","kankarbagh main road","462.4","Within 500m (High Direct Access)"
"PAT-FAC-0065","Om Nursing Home, Patna","Hospital / Healthcare","25.57815","85.14196","NH Corridor (NH22)","655.7","500m - 1000m (Intermediate Access)"
"PAT-FAC-0066","Maulana Sajjad Memorial Hospital","Hospital / Healthcare","25.578182","85.07211","NH Corridor (NH139)","22.7","Within 500m (High Direct Access)"
"PAT-FAC-0067","New Born Care Centre (P) Ltd","Hospital / Healthcare","25.608789","85.159452","Kumhrar Road","663.9","500m - 1000m (Intermediate Access)"
"PAT-FAC-0068","Manokamna Health Care","Hospital / Healthcare","25.598934","85.227351","Ashok Raj Path","47.4","Within 500m (High Direct Access)"
"PAT-FAC-0069","Om Eye Clinic and Phaco Centre - Patna","Hospital / Healthcare","25.594575","85.148206","Chiriya Taar overbridge","946.6","500m - 1000m (Intermediate Access)"
"PAT-FAC-0070","Nav Sharda Aspatal Pvt Ltd","Hospital / Healthcare","25.593376","85.1562","Patna Bypass / Expressway Corridor","998.5","500m - 1000m (Intermediate Access)"
"PAT-FAC-0071","Shubham Maternity Centre","Hospital / Healthcare","25.590605","85.159551","NH Corridor (NH22)","666","500m - 1000m (Intermediate Access)"
"PAT-FAC-0072","Max Care Hospital And Research Institute Pvt. Ltd.","Hospital / Healthcare","25.609581","85.091432","Bailey Road Flyover","560.6","500m - 1000m (Intermediate Access)"
"PAT-FAC-0073","Ashutosh Memorial Hospital","Hospital / Healthcare","25.588128","85.054514","Neora Road","504.3","500m - 1000m (Intermediate Access)"
"PAT-FAC-0074","Apollo Trauma Centre","Hospital / Healthcare","25.600293","85.156119","kankarbagh main road","283.2","Within 500m (High Direct Access)"
"PAT-FAC-0075","Chanakya Hospital","Hospital / Healthcare","25.60002","85.159961","Kumhrar Road","264.7","Within 500m (High Direct Access)"
"PAT-FAC-0076","Adarsh Life Care Hospital Pvt. Ltd","Hospital / Healthcare","25.586188","85.158292","NH Corridor (NH22)","188.7","Within 500m (High Direct Access)"
"PAT-FAC-0077","Drishti Eye Care And Research Centre","Hospital / Healthcare","25.599895","85.16058","Kumhrar Road","269.5","Within 500m (High Direct Access)"
"PAT-FAC-0078","Dr. Vimal Hospital and Research Center","Hospital / Healthcare","25.620163","85.043337","NH Corridor (NH922)","144.3","Within 500m (High Direct Access)"
"PAT-FAC-0079","Swasti Womens Hospital And Research Centre","Hospital / Healthcare","25.594269","85.159382","Kumhrar Road","902.8","500m - 1000m (Intermediate Access)"
"PAT-FAC-0080","Shivam Hospital And Research Institute Pvt Ltd","Hospital / Healthcare","25.595127","85.161464","Kumhrar Road","785.7","500m - 1000m (Intermediate Access)"
"PAT-FAC-0081","New Kumar Nursing Home","Hospital / Healthcare","25.590732","85.145329","NH Corridor (NH22)","759.8","500m - 1000m (Intermediate Access)"
"PAT-FAC-0082","R.P. Golwara Memorial Hospital","Hospital / Healthcare","25.598169","85.227336","Ashok Raj Path","21.4","Within 500m (High Direct Access)"
"PAT-FAC-0083","Child Care Center","Hospital / Healthcare","25.593892","85.15859","Kumhrar Road","957.4","500m - 1000m (Intermediate Access)"
"PAT-FAC-0084","Shanti Navjeevan Hospital Pvt. Ltd.","Hospital / Healthcare","25.587457","85.167698","NH Corridor (NH22)","244.1","Within 500m (High Direct Access)"
"PAT-FAC-0085","CHANDRA ORTHOPAEDIC CLINIC","Hospital / Healthcare","25.605013","85.170452","Kumhrar Road","389.2","Within 500m (High Direct Access)"
"PAT-FAC-0086","Bilas Netralaya","Hospital / Healthcare","25.607885","85.151769","NH Corridor (NH139)","496.7","Within 500m (High Direct Access)"
"PAT-FAC-0087","K.B. Hospital and Research Institute - Patna","Hospital / Healthcare","25.575518","85.064891","NH Corridor (NH139)","11.3","Within 500m (High Direct Access)"
"PAT-FAC-0088","Uma Foundation","Hospital / Healthcare","25.596152","85.158","Kumhrar Road","724.2","500m - 1000m (Intermediate Access)"
"PAT-FAC-0089","Shanti Maternity Centre","Hospital / Healthcare","25.606233","85.161104","Kumhrar Road","423.5","Within 500m (High Direct Access)"
"PAT-FAC-0090","Anupama Hospital Pvt. Ltd.","Hospital / Healthcare","25.618358","85.163065","Ashok Raj Path","65.3","Within 500m (High Direct Access)"
"PAT-FAC-0091","Vaishnavi Hospital, Patna","Hospital / Healthcare","25.594205","85.18813","Chapra - Patna Highway","360.3","Within 500m (High Direct Access)"
"PAT-FAC-0092","The Apollo Clinic, Patna","Hospital / Healthcare","25.601232","85.171072","NH Corridor (NH139)","22","Within 500m (High Direct Access)"
"PAT-FAC-0093","Brindavan Nursing Home","Hospital / Healthcare","25.612409","85.144296","Fraser Road","323.2","Within 500m (High Direct Access)"
"PAT-FAC-0094","Divya Drishti Eye Centre","Hospital / Healthcare","25.604991","85.088913","Bailey Road Flyover","44","Within 500m (High Direct Access)"
"PAT-FAC-0095","Polo Hospital, Patna","Hospital / Healthcare","25.602661","85.20961","Ashok Raj Path","16.3","Within 500m (High Direct Access)"
"PAT-FAC-0096","Sheila Urology & Laproscopy Centre","Hospital / Healthcare","25.615607","85.126797","Bailey Road","543.5","500m - 1000m (Intermediate Access)"
"PAT-FAC-0097","P.K.Nursing Home Awam Maternity Centre","Hospital / Healthcare","25.585964","85.129389","Flyover","147.9","Within 500m (High Direct Access)"
"PAT-FAC-0098","Shri Harijeevan Health Care","Hospital / Healthcare","25.601608","85.214704","Ashok Raj Path","16.2","Within 500m (High Direct Access)"
"PAT-FAC-0099","Siddiqui Nursing Home and M.R.C. Pvt. Ltd.","Hospital / Healthcare","25.617818","85.15035","Ashok Raj Path","113","Within 500m (High Direct Access)"
"PAT-FAC-0100","S.S.Hospital and Research Centre Pvt.Ltd.","Hospital / Healthcare","25.590728","85.156653","NH Corridor (NH22)","705.2","500m - 1000m (Intermediate Access)"
"PAT-FAC-0101","Shyamal Hospital","Hospital / Healthcare","25.613032","85.07548","Bailey Road Flyover","781.3","500m - 1000m (Intermediate Access)"
"PAT-FAC-0102","Sri Ram Hospital","Hospital / Healthcare","25.60002","85.154396","kankarbagh main road","325.3","Within 500m (High Direct Access)"
"PAT-FAC-0103","Pandey Nursing Home & Research Centre Patna","Hospital / Healthcare","25.600381","85.154507","kankarbagh main road","284.7","Within 500m (High Direct Access)"
"PAT-FAC-0104","Dubey Urology Clinic and Stone Centre","Hospital / Healthcare","25.602087","85.155992","kankarbagh main road","85.6","Within 500m (High Direct Access)"
"PAT-FAC-0105","Budha Hospital","Hospital / Healthcare","25.590577","85.161896","NH Corridor (NH22)","642","500m - 1000m (Intermediate Access)"
"PAT-FAC-0106","Jeevak Heart Hospital and Research Institute Pvt Ltd","Hospital / Healthcare","25.601398","85.158634","Kumhrar Road","143.1","Within 500m (High Direct Access)"
"PAT-FAC-0107","Arvind Hospital","Hospital / Healthcare","25.618543","85.16321","Ashok Raj Path","42.6","Within 500m (High Direct Access)"
"PAT-FAC-0108","Vijai Hospital","Hospital / Healthcare","25.595983","85.157773","Kumhrar Road","747.4","500m - 1000m (Intermediate Access)"
"PAT-FAC-0109","Aarogya Orthopaedic and Trauma Clinic","Hospital / Healthcare","25.61188","85.153446","Ashok Raj Path","811.3","500m - 1000m (Intermediate Access)"
"PAT-FAC-0110","Anshuman Nursing Home and Maternity Centre","Hospital / Healthcare","25.577769","85.084935","NH Corridor (NH139)","304.7","Within 500m (High Direct Access)"
"PAT-FAC-0111","Getwell Hospital, Patna","Hospital / Healthcare","25.604422","85.084456","Bailey Road Flyover","50","Within 500m (High Direct Access)"
"PAT-FAC-0112","Bhavani Clinic","Hospital / Healthcare","25.615283","85.160224","Ashok Raj Path","449.8","Within 500m (High Direct Access)"
"PAT-FAC-0113","CGHS Dispensary, Budha Marg","Hospital / Healthcare","25.607565","85.133566","Bailey Road","313.1","Within 500m (High Direct Access)"
"PAT-FAC-0114","Shekhar Shalya Chikitsalaya","Hospital / Healthcare","25.587222","85.160516","NH Corridor (NH22)","283.5","Within 500m (High Direct Access)"
"PAT-FAC-0115","J.H.Nursing Home","Hospital / Healthcare","25.601639","85.154899","kankarbagh main road","142.8","Within 500m (High Direct Access)"
"PAT-FAC-0116","M.G.M Hospital And Research Centre Pvt Ltd","Hospital / Healthcare","25.607715","85.15473","NH Corridor (NH139)","518.7","500m - 1000m (Intermediate Access)"
"PAT-FAC-0117","Paras HMRI Hospital","Hospital / Healthcare","25.60558","85.082559","Bailey Road Flyover","46.4","Within 500m (High Direct Access)"
"PAT-FAC-0118","Punam Surgical and Maternity Clinic","Hospital / Healthcare","25.606721","85.089142","Bailey Road Flyover","235.9","Within 500m (High Direct Access)"
"PAT-FAC-0119","Magadh Nursing Home","Hospital / Healthcare","25.601963","85.189877","NH Corridor (NH139)","199.2","Within 500m (High Direct Access)"
"PAT-FAC-0120","Divya Jyoti Nursing Home","Hospital / Healthcare","25.606728","85.078456","Bailey Road Flyover","123.1","Within 500m (High Direct Access)"
"PAT-FAC-0121","Ashoka Hospital( Aunit Of Ashoka Multispeciality Hospital Pvt Limited)","Hospital / Healthcare","25.60837","85.160285","Kumhrar Road","635.4","500m - 1000m (Intermediate Access)"
"PAT-FAC-0122","Atlantis Hospital","Hospital / Healthcare","25.610262","85.057633","Patna Bypass / Expressway Corridor","64.5","Within 500m (High Direct Access)"
"PAT-FAC-0123","Aarogya Hospital, Patna","Hospital / Healthcare","25.612432","85.155395","Ashok Raj Path","780.5","500m - 1000m (Intermediate Access)"
"PAT-FAC-0124","Appolo Burn Hospital","Hospital / Healthcare","25.599708","85.191212","Kumhrar Road","25.4","Within 500m (High Direct Access)"
"PAT-FAC-0125","Magadh Hospital","Hospital / Healthcare","25.609752","85.157906","NH Corridor (NH139)","756.4","500m - 1000m (Intermediate Access)"
"PAT-FAC-0126","Sparsh Haritage Hospital","Hospital / Healthcare","25.593253","85.136426","Major City Arterial","9.2","Within 500m (High Direct Access)"
"PAT-FAC-0127","Suman Nursing Home, Patna","Hospital / Healthcare","25.599685","85.166789","Kumhrar Road","224.4","Within 500m (High Direct Access)"
"PAT-FAC-0128","Shahi Hospital (A Unit Of Abhishek Memorial Trust)","Hospital / Healthcare","25.609641","85.157541","NH Corridor (NH139)","742.9","500m - 1000m (Intermediate Access)"
"PAT-FAC-0129","Sri Vinayak Hospital, Patna","Hospital / Healthcare","25.585988","85.17436","NH Corridor (NH22)","68.1","Within 500m (High Direct Access)"
"PAT-FAC-0130","Buddha Eye Care and Laser Centre","Hospital / Healthcare","25.599847","85.155141","kankarbagh main road","338.9","Within 500m (High Direct Access)"
"PAT-FAC-0131","Shri Sai Hospital (A Unit Of Akhilesh Kumar Singh Hospital (P)Ltd)","Hospital / Healthcare","25.599128","85.15725","kankarbagh main road","409.8","Within 500m (High Direct Access)"
"PAT-FAC-0132","Akriti Nursing Home","Hospital / Healthcare","25.5966","85.156384","kankarbagh main road","691.2","500m - 1000m (Intermediate Access)"
"PAT-FAC-0133","Keshav Hospital Pvt Ltd","Hospital / Healthcare","25.621969","85.04257","NH Corridor (NH922)","46.2","Within 500m (High Direct Access)"
"PAT-FAC-0134","Maa Dulari Memorial Hospital","Hospital / Healthcare","25.581248","85.141966","NH Corridor (NH22)","314.7","Within 500m (High Direct Access)"
"PAT-FAC-0135","Imdad Medicare Research Institute","Hospital / Healthcare","25.609011","85.183137","Ashok Raj Path","701","500m - 1000m (Intermediate Access)"
"PAT-FAC-0136","Buddha Nursing Home","Hospital / Healthcare","25.61769","85.160921","Ashok Raj Path","175.5","Within 500m (High Direct Access)"
"PAT-FAC-0137","Anup Memorial Orthopaedic Centre","Hospital / Healthcare","25.601143","85.157042","kankarbagh main road","187","Within 500m (High Direct Access)"
"PAT-FAC-0138","Siddharth Multispeciality Hospital","Hospital / Healthcare","25.607283","85.160536","Kumhrar Road","525.2","500m - 1000m (Intermediate Access)"
"PAT-FAC-0139","Ambey Nursing Home","Hospital / Healthcare","25.603588","85.16686","Kankarbagh Main Road","189.7","Within 500m (High Direct Access)"
"PAT-FAC-0140","Akshat Seva Sadan","Hospital / Healthcare","25.595548","85.121837","NH Corridor (NH139)","131.6","Within 500m (High Direct Access)"
"PAT-FAC-0141","Advanced Eye Care","Hospital / Healthcare","25.612404","85.119521","Patna Bypass / Expressway Corridor","310.9","Within 500m (High Direct Access)"
"PAT-FAC-0142","Mithila Hospital","Hospital / Healthcare","25.585992","85.173869","NH Corridor (NH22)","69.2","Within 500m (High Direct Access)"
"PAT-FAC-0143","Ram Ratan Hospital","Hospital / Healthcare","25.60893","85.173899","Kumhrar Road","845.4","500m - 1000m (Intermediate Access)"
"PAT-FAC-0144","Abhinandan Hospital","Hospital / Healthcare","25.597401","85.157937","Kumhrar Road","590.6","500m - 1000m (Intermediate Access)"
"PAT-FAC-0145","Bharat Petroleum","Fuel / Petrol Pump","25.581741","85.112082","NH Corridor (NH139)","41.7","Within 500m (High Direct Access)"
"PAT-FAC-0146","CGHS, Chajjubagh","Hospital / Healthcare","25.613597","85.137504","Fraser Road","166.6","Within 500m (High Direct Access)"
"PAT-FAC-0147","Dr. Usha Didwania Nursing Home","Hospital / Healthcare","25.609817","85.160512","Kumhrar Road","796.3","500m - 1000m (Intermediate Access)"
"PAT-FAC-0148","Chandra Shambhu Narayan Eye Hospital Pvt. Ltd.","Hospital / Healthcare","25.60326","85.146245","Chiriya Taar overbridge","24.5","Within 500m (High Direct Access)"
"PAT-FAC-0149","Shrinivas Hospital - Patna","Hospital / Healthcare","25.600863","85.149616","NH Corridor (NH139)","262.9","Within 500m (High Direct Access)"
"PAT-FAC-0150","Sarvamangla Clinic","Hospital / Healthcare","25.593717","85.175322","Kumhrar Road","802.6","500m - 1000m (Intermediate Access)"
"PAT-FAC-0151","Satyam Hospital, Gaya","Hospital / Healthcare","25.605808","85.088915","Bailey Road Flyover","134.5","Within 500m (High Direct Access)"
"PAT-FAC-0152","Anami Orthopaedics","Hospital / Healthcare","25.598863","85.128451","NH Corridor (NH139)","17.4","Within 500m (High Direct Access)"
"PAT-FAC-0153","Shekhar Hospital","Hospital / Healthcare","25.60466","85.091465","Bailey Road Flyover","16.6","Within 500m (High Direct Access)"
"PAT-FAC-0154","Shyam Nursing Home, Patna","Hospital / Healthcare","25.612371","85.144101","Fraser Road","304.7","Within 500m (High Direct Access)"
"PAT-FAC-0155","Krishna Health Care","Hospital / Healthcare","25.604986","85.09042","Bailey Road Flyover","46.2","Within 500m (High Direct Access)"
"PAT-FAC-0156","Aargyam Multi Speciality Clinical Care","Hospital / Healthcare","25.594163","85.141936","Major City Arterial","521.5","500m - 1000m (Intermediate Access)"
"PAT-FAC-0157","Guljarbagh Dispensary","Hospital / Healthcare","25.609858","85.206341","Ashok Raj Path","71","Within 500m (High Direct Access)"
"PAT-FAC-0158","Kankarbagh Dispensary","Hospital / Healthcare","25.602275","85.154815","kankarbagh main road","73.1","Within 500m (High Direct Access)"
"PAT-FAC-0159","Goverment hospital,Khagual","Hospital / Healthcare","25.578195","85.048253","Major City Arterial","314","Within 500m (High Direct Access)"
"PAT-FAC-0160","SDH Danapur","Hospital / Healthcare","25.634645","85.045769","Major City Arterial","299","Within 500m (High Direct Access)"
"PAT-FAC-0161","Udayan Hospital","Hospital / Healthcare","25.621052","85.122948","Ashok Rajpath","321.7","Within 500m (High Direct Access)"
"PAT-FAC-0162","River View Service Station","Fuel / Petrol Pump","25.623434","85.125937","Ashok Rajpath","11.7","Within 500m (High Direct Access)"
"PAT-FAC-0163","BP Patna","Fuel / Petrol Pump","25.610176","85.137161","Bailey Road","12.7","Within 500m (High Direct Access)"
"PAT-FAC-0164","Wali Clinic - Neurotherapy Treatment","Hospital / Healthcare","25.62768","85.041999","NH Corridor (NH922)","74","Within 500m (High Direct Access)"
"PAT-FAC-0165","Shivam Clinic","Hospital / Healthcare","25.61333","85.057791","NH Corridor (NH922)","218.9","Within 500m (High Direct Access)"
"PAT-FAC-0166","Nestiva Jay Arogyam Hospital","Hospital / Healthcare","25.594746","85.120316","NH Corridor (NH139)","174","Within 500m (High Direct Access)"
"PAT-FAC-0167","Dr. Usha Kiran Clinic","Hospital / Healthcare","25.618077","85.045499","NH Corridor (NH922)","176.4","Within 500m (High Direct Access)"
"PAT-FAC-0168","Amrutanjan Health Care Limited","Hospital / Healthcare","25.615738","85.127695","Bailey Road","548.7","500m - 1000m (Intermediate Access)"
"PAT-FAC-0169","Dr. S C Jha - Chest Clinic","Hospital / Healthcare","25.610966","85.132881","Bailey Road","32.8","Within 500m (High Direct Access)"
"PAT-FAC-0170","Soni Physiotherapy and Health Clinic","Hospital / Healthcare","25.611398","85.119156","Patna Bypass / Expressway Corridor","205.3","Within 500m (High Direct Access)"
"PAT-FAC-0171","N.S. Emergency Hospital","Hospital / Healthcare","25.58431","85.120351","NH Corridor (NH139)","47.6","Within 500m (High Direct Access)"
"PAT-FAC-0172","Nirgo Poly Clinic","Hospital / Healthcare","25.57456","85.126576","NH Corridor (NH22)","10.4","Within 500m (High Direct Access)"
"PAT-FAC-0173","Bone Hospital","Hospital / Healthcare","25.577608","85.123137","NH Corridor (NH22)","399.5","Within 500m (High Direct Access)"
"PAT-FAC-0174","Spandan Cardio and Diabetic Clinic","Hospital / Healthcare","25.611223","85.117563","Patna Bypass / Expressway Corridor","111.2","Within 500m (High Direct Access)"
"PAT-FAC-0175","Panchlok Diagnostic Centre","Hospital / Healthcare","25.61081","85.133084","Bailey Road","20.2","Within 500m (High Direct Access)"
"PAT-FAC-0176","Child Hospital","Hospital / Healthcare","25.610827","85.132796","Bailey Road","16","Within 500m (High Direct Access)"
"PAT-FAC-0177","Baby & Child Hospital","Hospital / Healthcare","25.587118","85.119069","NH Corridor (NH139)","379.9","Within 500m (High Direct Access)"
"PAT-FAC-0178","Shiv Shakti Hospital","Hospital / Healthcare","25.619642","85.124256","Ashok Rajpath","443.1","Within 500m (High Direct Access)"
"PAT-FAC-0179","Neurology Clinic","Hospital / Healthcare","25.61293","85.113509","Atal Path Flyover","66.2","Within 500m (High Direct Access)"
"PAT-FAC-0180","Guru Kripa Paali Clinic","Hospital / Healthcare","25.57946","85.124609","NH Corridor (NH22)","312","Within 500m (High Direct Access)"
"PAT-FAC-0181","Patna Heart Hospital","Hospital / Healthcare","25.618144","85.126319","Ashok Rajpath","596.3","500m - 1000m (Intermediate Access)"
"PAT-FAC-0182","Dr. V.K. Sinha Clinic","Hospital / Healthcare","25.619555","85.121665","Ashok Rajpath","528.2","500m - 1000m (Intermediate Access)"
"PAT-FAC-0183","Dr. Sachidanand Sinha Ent","Hospital / Healthcare","25.619629","85.126036","Ashok Rajpath","432.6","Within 500m (High Direct Access)"
"PAT-FAC-0184","Yash Ortho and General Health Care Clinic","Hospital / Healthcare","25.629551","85.059284","Major City Arterial","1178.9","1000m - 2000m (Secondary Access)"
"PAT-FAC-0185","Balaji Heart Centre","Hospital / Healthcare","25.610878","85.114601","Atal Path","39.2","Within 500m (High Direct Access)"
"PAT-FAC-0186","Jagdamba Hospital","Hospital / Healthcare","25.576631","85.127197","NH Corridor (NH22)","14.1","Within 500m (High Direct Access)"
"PAT-FAC-0187","Nu-Life Clinic","Hospital / Healthcare","25.595293","85.121913","NH Corridor (NH139)","160.6","Within 500m (High Direct Access)"
"PAT-FAC-0188","Ayush Hospital","Hospital / Healthcare","25.579441","85.124925","NH Corridor (NH22)","281.4","Within 500m (High Direct Access)"
"PAT-FAC-0189","Prabha Clinic","Hospital / Healthcare","25.579845","85.125036","NH Corridor (NH22)","285","Within 500m (High Direct Access)"
"PAT-FAC-0190","Kankarbagh police station","Police Station / Emergency","25.598358","85.155974","kankarbagh main road","498.1","Within 500m (High Direct Access)"
"PAT-FAC-0191","College of Commerce, Arts and Science","College / University","25.601273","85.162014","Kumhrar Road","102.5","Within 500m (High Direct Access)"
"PAT-FAC-0192","Indian Oil","Fuel / Petrol Pump","25.601633","85.166724","Kumhrar Road","12.3","Within 500m (High Direct Access)"
"PAT-FAC-0193","Indian Oil","Fuel / Petrol Pump","25.611187","85.159129","Ashok Raj Path","913.9","500m - 1000m (Intermediate Access)"
"PAT-FAC-0194","Indian Oil","Fuel / Petrol Pump","25.60213","85.146269","Chiriya Taar overbridge","91.8","Within 500m (High Direct Access)"
"PAT-FAC-0195","Patliputra Univerity","College / University","25.60239","85.159461","Kumhrar Road","17.7","Within 500m (High Direct Access)"
"PAT-FAC-0196","Indian Oil","Fuel / Petrol Pump","25.597769","85.15707","kankarbagh main road","560.7","500m - 1000m (Intermediate Access)"
"PAT-FAC-0197","HP","Fuel / Petrol Pump","25.603404","85.153247","NH Corridor (NH139)","27.2","Within 500m (High Direct Access)"
"PAT-FAC-0198","Sanjeevani Hospital","Hospital / Healthcare","25.595046","85.16465","Kumhrar Road","765.4","500m - 1000m (Intermediate Access)"
"PAT-FAC-0199","Patrakar Nagar police station","Police Station / Emergency","25.589719","85.159813","NH Corridor (NH22)","565.6","500m - 1000m (Intermediate Access)"
"PAT-FAC-0200","RHEUMATOLOGY MEDICAL SPECIALITY CLINIC","Hospital / Healthcare","25.626857","85.112557","Ashok Rajpath","727.5","500m - 1000m (Intermediate Access)"
"PAT-FAC-0201","NIRANJAN AAROGYA NIKETAN AND RESEARCH CENTRE","Hospital / Healthcare","25.615322","85.166453","Ashok Raj Path","297.8","Within 500m (High Direct Access)"
"PAT-FAC-0202","AYUSH building, AIIMS Patna","Hospital / Healthcare","25.561554","85.042861","NH Corridor (NH139)","351.4","Within 500m (High Direct Access)"
"PAT-FAC-0203","AIIMS Patna OPD","Hospital / Healthcare","25.562741","85.042012","NH Corridor (NH139)","194.7","Within 500m (High Direct Access)"
"PAT-FAC-0204","In patient Department, AIIMS Patna","Hospital / Healthcare","25.562389","85.041074","NH Corridor (NH139)","176.4","Within 500m (High Direct Access)"
"PAT-FAC-0205","Trauma and Emergency, AIIMS Patna","Hospital / Healthcare","25.562718","85.040416","NH Corridor (NH139)","108.9","Within 500m (High Direct Access)"
"PAT-FAC-0206","Unnamed Hospital / Healthcare (206)","Hospital / Healthcare","25.611252","85.133579","Bailey Road","78.8","Within 500m (High Direct Access)"
"PAT-FAC-0207","Unnamed Hospital / Healthcare (207)","Hospital / Healthcare","25.611863","85.135838","Bailey Road","179.7","Within 500m (High Direct Access)"
"PAT-FAC-0208","Shekhar eye care and laser centre","Hospital / Healthcare","25.622769","85.096489","Atal Path Flyover","780.3","500m - 1000m (Intermediate Access)"
"PAT-FAC-0209","Unnamed Hospital / Healthcare (209)","Hospital / Healthcare","25.632166","85.103791","Atal Path Flyover","383.9","Within 500m (High Direct Access)"
"PAT-FAC-0210","Unnamed Police Station / Emergency (210)","Police Station / Emergency","25.628077","85.110858","Atal Path","740.8","500m - 1000m (Intermediate Access)"
"PAT-FAC-0211","Ridhimaa Medicare and Dental Care","Hospital / Healthcare","25.587601","85.16617","NH Corridor (NH22)","274.3","Within 500m (High Direct Access)"
"PAT-FAC-0212","mediplus hospital","Hospital / Healthcare","25.58682","85.149663","NH Corridor (NH22)","336.7","Within 500m (High Direct Access)"
"PAT-FAC-0213","maa laxmi clinic","Hospital / Healthcare","25.585999","85.150158","NH Corridor (NH22)","242.3","Within 500m (High Direct Access)"
"PAT-FAC-0214","mediglobe multispecialty hospital","Hospital / Healthcare","25.585005","85.14917","NH Corridor (NH22)","140.7","Within 500m (High Direct Access)"
"PAT-FAC-0215","mediglobe multispecialty hospital","Hospital / Healthcare","25.584115","85.150294","NH Corridor (NH22)","33.1","Within 500m (High Direct Access)"
"PAT-FAC-0216","amrit avi hospital","Hospital / Healthcare","25.591094","85.151263","NH Corridor (NH22)","794.1","500m - 1000m (Intermediate Access)"
"PAT-FAC-0217","dr. dipti roy","Hospital / Healthcare","25.590706","85.149671","NH Corridor (NH22)","766","500m - 1000m (Intermediate Access)"
"PAT-FAC-0218","Patna Nutrition and wellness club","Hospital / Healthcare","25.591209","85.149656","NH Corridor (NH22)","821.7","500m - 1000m (Intermediate Access)"
"PAT-FAC-0219","dr. sk singha","Hospital / Healthcare","25.590941","85.14932","NH Corridor (NH22)","794.5","500m - 1000m (Intermediate Access)"
"PAT-FAC-0220","Mohit Medical Hall","Hospital / Healthcare","25.592587","85.150406","NH Corridor (NH22)","966.5","500m - 1000m (Intermediate Access)"
"PAT-FAC-0221","furever clinic pet","Hospital / Healthcare","25.595622","85.150578","NH Corridor (NH139)","849.1","500m - 1000m (Intermediate Access)"
"PAT-FAC-0222","SHRI  SAI COLLEGE OF NURSING AND PARAMEDICAL","College / University","25.596143","85.149526","NH Corridor (NH139)","785.6","500m - 1000m (Intermediate Access)"
"PAT-FAC-0223","Bhawanani Clinic","Hospital / Healthcare","25.591135","85.14917","NH Corridor (NH22)","817","500m - 1000m (Intermediate Access)"
"PAT-FAC-0224","Sharda Medical Hall","Hospital / Healthcare","25.58997","85.149399","NH Corridor (NH22)","686.7","500m - 1000m (Intermediate Access)"
"PAT-FAC-0225","Choudhary Medicals","Hospital / Healthcare","25.591109","85.149347","NH Corridor (NH22)","812.9","500m - 1000m (Intermediate Access)"
"PAT-FAC-0226","SR HOSPITAL","Hospital / Healthcare","25.5875","85.170285","NH Corridor (NH22)","237.2","Within 500m (High Direct Access)"
"PAT-FAC-0227","Dr. Gopal Prasad","Hospital / Healthcare","25.61919","85.114988","Atal Path Flyover","567.5","500m - 1000m (Intermediate Access)"
"PAT-FAC-0228","Patna popular hosp[ital","Hospital / Healthcare","25.585738","85.169859","NH Corridor (NH22)","42.2","Within 500m (High Direct Access)"
"PAT-FAC-0229","DR. BINAY KARAK NEUROLOGISTS CLINIC","Hospital / Healthcare","25.606132","85.159381","Kumhrar Road","372.8","Within 500m (High Direct Access)"
"PAT-FAC-0230","DR. PRABHAT MEMORIAL HIRAMATI HOSPITAL","Hospital / Healthcare","25.610091","85.159121","Kumhrar Road","802.3","500m - 1000m (Intermediate Access)"
"PAT-FAC-0231","PINNACLE HOSPITAL","Hospital / Healthcare","25.607918","85.156486","NH Corridor (NH139)","553.8","500m - 1000m (Intermediate Access)"
"PAT-FAC-0232","AN College Police Station","Police Station / Emergency","25.618831","85.109695","Atal Path Flyover","97","Within 500m (High Direct Access)"
"PAT-FAC-0233","Bihar Burn Hospital","Hospital / Healthcare","25.594382","85.172361","Kumhrar Road","762.9","500m - 1000m (Intermediate Access)"
"PAT-FAC-0234","Bhootnath Diagnostics","Hospital / Healthcare","25.593907","85.173695","Kumhrar Road","796.6","500m - 1000m (Intermediate Access)"
"PAT-FAC-0235","Atharv hospital","Hospital / Healthcare","25.5921","85.170262","NH Corridor (NH22)","746.8","500m - 1000m (Intermediate Access)"
"PAT-FAC-0236","Osho Dhara Hospital","Hospital / Healthcare","25.595454","85.174061","Kumhrar Road","621.8","500m - 1000m (Intermediate Access)"
"PAT-FAC-0237","Nalanda Seva Sadan Hospital","Hospital / Healthcare","25.592749","85.171672","NH Corridor (NH22)","818","500m - 1000m (Intermediate Access)"
"PAT-FAC-0238","CIMS Hospital","Hospital / Healthcare","25.591516","85.174417","NH Corridor (NH22)","680.6","500m - 1000m (Intermediate Access)"
"PAT-FAC-0239","Apna Emergency Hospital","Hospital / Healthcare","25.590054","85.179224","NH Corridor (NH22)","516.2","500m - 1000m (Intermediate Access)"
"PAT-FAC-0240","Pushpanjali Multispecialty Hospital","Hospital / Healthcare","25.592155","85.179611","NH Corridor (NH22)","748.5","500m - 1000m (Intermediate Access)"
"PAT-FAC-0241","Patliputra Hospitals & Research Centre","Hospital / Healthcare","25.589583","85.179417","NH Corridor (NH22)","463.7","Within 500m (High Direct Access)"
"PAT-FAC-0242","Priyadarshani Nishant Hospital","Hospital / Healthcare","25.591625","85.179072","NH Corridor (NH22)","690.4","500m - 1000m (Intermediate Access)"
"PAT-FAC-0243","Hari Hospital","Hospital / Healthcare","25.591202","85.179704","NH Corridor (NH22)","643","500m - 1000m (Intermediate Access)"
"PAT-FAC-0244","Shree Ganesha Hospital","Hospital / Healthcare","25.590894","85.179152","NH Corridor (NH22)","609.4","500m - 1000m (Intermediate Access)"
"PAT-FAC-0245","The City Hospital","Hospital / Healthcare","25.591006","85.17969","NH Corridor (NH22)","621.2","500m - 1000m (Intermediate Access)"
"PAT-FAC-0246","Sindhu Advanced Child Care Center","Hospital / Healthcare","25.588626","85.17923","NH Corridor (NH22)","357.9","Within 500m (High Direct Access)"
"PAT-FAC-0247","shankar medical","Hospital / Healthcare","25.590714","85.164005","NH Corridor (NH22)","637.7","500m - 1000m (Intermediate Access)"
"PAT-FAC-0248","agam kuaa thana","Police Station / Emergency","25.589705","85.169508","NH Corridor (NH22)","482.1","Within 500m (High Direct Access)"
"PAT-FAC-0249","vijay nuirsing home","Hospital / Healthcare","25.590734","85.163833","NH Corridor (NH22)","641.7","500m - 1000m (Intermediate Access)"
"PAT-FAC-0250","kali mandir medical","Hospital / Healthcare","25.590614","85.162636","NH Corridor (NH22)","639.1","500m - 1000m (Intermediate Access)"
"PAT-FAC-0251","sunil medical","Hospital / Healthcare","25.590764","85.163673","NH Corridor (NH22)","646.6","500m - 1000m (Intermediate Access)"
"PAT-FAC-0252","mamta kunj","Hospital / Healthcare","25.625943","85.053455","Patna Bypass / Expressway Corridor","959.6","500m - 1000m (Intermediate Access)"
"PAT-FAC-0253","Unnamed Hospital / Healthcare (253)","Hospital / Healthcare","25.627393","85.054533","Patna Bypass / Expressway Corridor","1152.7","1000m - 2000m (Secondary Access)"
"PAT-FAC-0254","mini pet care","Hospital / Healthcare","25.625161","85.052491","Patna Bypass / Expressway Corridor","831.6","500m - 1000m (Intermediate Access)"
"PAT-FAC-0255","orthocare and speciality","Hospital / Healthcare","25.624688","85.054627","Patna Bypass / Expressway Corridor","938.2","500m - 1000m (Intermediate Access)"
"PAT-FAC-0256","sasmay hospital","Hospital / Healthcare","25.619336","85.042103","NH Corridor (NH922)","294.6","Within 500m (High Direct Access)"
"PAT-FAC-0257","prathma blood care centre","Hospital / Healthcare","25.610721","85.057412","NH Corridor (NH922)","42.1","Within 500m (High Direct Access)"
"PAT-FAC-0258","High Tech","Hospital / Healthcare","25.621033","85.040744","NH Corridor (NH922)","232.6","Within 500m (High Direct Access)"
"PAT-FAC-0259","Indian Oil","Fuel / Petrol Pump","25.583065","85.114238","NH Corridor (NH139)","45.9","Within 500m (High Direct Access)"
"PAT-FAC-0260","Lokpriye Hospital","Hospital / Healthcare","25.561967","85.177025","Primary Arterial (SH1)","753","500m - 1000m (Intermediate Access)"
"PAT-FAC-0261","Meditech Hospital & Sports Injury Centre","Hospital / Healthcare","25.611307","85.075698","Bailey Road Flyover","594.2","500m - 1000m (Intermediate Access)"
"PAT-FAC-0262","Unnamed Police Station / Emergency (262)","Police Station / Emergency","25.630116","85.100655","Atal Path Flyover","3.9","Within 500m (High Direct Access)"
"PAT-FAC-0263","Unnamed Hospital / Healthcare (263)","Hospital / Healthcare","25.638465","85.109426","Ashok Rajpath","18.3","Within 500m (High Direct Access)"
"PAT-FAC-0264","DR AK Chamdra","Hospital / Healthcare","25.638313","85.109312","Ashok Rajpath","38.4","Within 500m (High Direct Access)"
"PAT-FAC-0265","Unnamed Police Station / Emergency (265)","Police Station / Emergency","25.612563","85.118844","Patna Bypass / Expressway Corridor","289.1","Within 500m (High Direct Access)"
"PAT-FAC-0266","Unnamed Hospital / Healthcare (266)","Hospital / Healthcare","25.618978","85.08404","Bailey Road Flyover","1538","1000m - 2000m (Secondary Access)"
"PAT-FAC-0267","Dr B K Rai","Hospital / Healthcare","25.621501","85.087437","Atal Path Flyover","1625.4","1000m - 2000m (Secondary Access)"
"PAT-FAC-0268","Dr D K Singh's MultiSpeciality Dental Clinic & Implant Center","Hospital / Healthcare","25.618832","85.085453","Bailey Road Flyover","1539.2","1000m - 2000m (Secondary Access)"
"PAT-FAC-0269","Unnamed Hospital / Healthcare (269)","Hospital / Healthcare","25.618839","85.085389","Bailey Road Flyover","1539.1","1000m - 2000m (Secondary Access)"
"PAT-FAC-0270","Unnamed Hospital / Healthcare (270)","Hospital / Healthcare","25.621782","85.088857","Atal Path Flyover","1488","1000m - 2000m (Secondary Access)"
"PAT-FAC-0271","Narayana Cancer Centre","Hospital / Healthcare","25.627692","85.097898","Atal Path Flyover","371.1","Within 500m (High Direct Access)"
"PAT-FAC-0272","Super Clinic","Hospital / Healthcare","25.624513","85.096933","Atal Path Flyover","639.8","500m - 1000m (Intermediate Access)"
"PAT-FAC-0273","Krishna Cardiac Center","Hospital / Healthcare","25.620712","85.115583","Atal Path Flyover","708.2","500m - 1000m (Intermediate Access)"
"PAT-FAC-0274","Unnamed Police Station / Emergency (274)","Police Station / Emergency","25.630239","85.100645","Atal Path Flyover","2.7","Within 500m (High Direct Access)"
"PAT-FAC-0275","Unnamed Police Station / Emergency (275)","Police Station / Emergency","25.616584","85.110043","Atal Path Flyover","2.6","Within 500m (High Direct Access)"
"PAT-FAC-0276","Unnamed Police Station / Emergency (276)","Police Station / Emergency","25.629421","85.10409","Atal Path Flyover","248.8","Within 500m (High Direct Access)"
"PAT-FAC-0277","Unnamed Police Station / Emergency (277)","Police Station / Emergency","25.610951","85.11776","Patna Bypass / Expressway Corridor","83.1","Within 500m (High Direct Access)"
"PAT-FAC-0278","Buddha Cancer Centre, Patna","Hospital / Healthcare","25.612236","85.063466","NH Corridor (NH922)","348.6","Within 500m (High Direct Access)"
"PAT-FAC-0279","Unnamed Hospital / Healthcare (279)","Hospital / Healthcare","25.627486","85.104332","Atal Path Flyover","153.1","Within 500m (High Direct Access)"
"PAT-FAC-0280","RUDRA DENTAL CLINIC","Hospital / Healthcare","25.575353","85.142406","NH Corridor (NH22)","958.4","500m - 1000m (Intermediate Access)"
