"Facility_ID","Facility_Name","Facility_Type","Nearest_Highway","Distance_Meters","Distance_km","Buffer_Zone","Direct_Corridor_Access"
"PAT-FAC-0001","New Gardinar Road Hospital","Hospital / Healthcare","Birchand Patel Path (Gardner Road)","55.7","0.056","Within 500m (High Direct Access)","Yes"
"PAT-FAC-0002","Tripolia Social Service Hospital","Hospital / Healthcare","Ashok Raj Path","53.1","0.053","Within 500m (High Direct Access)","Yes"
"PAT-FAC-0003","Peerbahor","Police Station / Emergency","Ashok Raj Path","29.4","0.029","Within 500m (High Direct Access)","Yes"
"PAT-FAC-0004","Perfect Vision Eye Clinic","Hospital / Healthcare","Patna Bypass / Expressway Corridor","804.1","0.804","500m - 1000m (Intermediate Access)","No"
"PAT-FAC-0005","Guru Govind Singh Hospital","Hospital / Healthcare","Ashok Raj Path","199.5","0.199","Within 500m (High Direct Access)","Yes"
"PAT-FAC-0006","Mount Carmel High School","College / University","Bailey Road","61","0.061","Within 500m (High Direct Access)","Yes"
"PAT-FAC-0007","HP","Fuel / Petrol Pump","NH Corridor (NH22)","35.9","0.036","Within 500m (High Direct Access)","Yes"
"PAT-FAC-0008","Metro Trauma Hospital","Hospital / Healthcare","NH Corridor (NH22)","40.4","0.04","Within 500m (High Direct Access)","Yes"
"PAT-FAC-0009","Bharat Petroleum","Fuel / Petrol Pump","NH Corridor (NH22)","13.2","0.013","Within 500m (High Direct Access)","Yes"
"PAT-FAC-0010","Bharat Petroleum","Fuel / Petrol Pump","NH Corridor (NH22)","12.3","0.012","Within 500m (High Direct Access)","Yes"
"PAT-FAC-0011","Bharat Petroleum","Fuel / Petrol Pump","Chapra - Patna Highway","24.3","0.024","Within 500m (High Direct Access)","Yes"
"PAT-FAC-0012","Isha health care","Hospital / Healthcare","Chapra - Patna Highway","58.7","0.059","Within 500m (High Direct Access)","Yes"
"PAT-FAC-0013","Gandhi Maidan Police Station","Police Station / Emergency","Kargil Chowk","301.8","0.302","Within 500m (High Direct Access)","Yes"
"PAT-FAC-0014","Bharat Petroleum","Fuel / Petrol Pump","Ashok Raj Path","22.3","0.022","Within 500m (High Direct Access)","Yes"
"PAT-FAC-0015","Dr. Sarojini Sinha Memorial Shiv-Shakti Hospital","Hospital / Healthcare","Ashok Rajpath","444.3","0.444","Within 500m (High Direct Access)","Yes"
"PAT-FAC-0016","Mahavir Arogya Sansthan","Hospital / Healthcare","Chiriya Taar overbridge","25.2","0.025","Within 500m (High Direct Access)","Yes"
"PAT-FAC-0017","Magalam Hospital","Hospital / Healthcare","Chiriya Taar overbridge","642.4","0.642","500m - 1000m (Intermediate Access)","No"
"PAT-FAC-0018","Kumar Eye Centre","Hospital / Healthcare","Ashok Raj Path","820.1","0.82","500m - 1000m (Intermediate Access)","No"
"PAT-FAC-0019","L.B.Aparajita Hospital","Hospital / Healthcare","Ashok Rajpath","695","0.695","500m - 1000m (Intermediate Access)","No"
"PAT-FAC-0020","Kumar Nursing Home, Patna","Hospital / Healthcare","Ashok Raj Path","189.9","0.19","Within 500m (High Direct Access)","Yes"
"PAT-FAC-0021","Kiran Nursing Home, Patna","Hospital / Healthcare","NH Corridor (NH139)","1063.1","1.063","1000m - 2000m (Secondary Access)","No"
"PAT-FAC-0022","Chakore Nursing Home","Hospital / Healthcare","Kumhrar Road","368.4","0.368","Within 500m (High Direct Access)","Yes"
"PAT-FAC-0023","Sri Jagannath Sewa Sadan","Hospital / Healthcare","kankarbagh main road","837","0.837","500m - 1000m (Intermediate Access)","No"
"PAT-FAC-0024","Sri Sai Lions Netralaya","Hospital / Healthcare","NH Corridor (NH22)","998.3","0.998","500m - 1000m (Intermediate Access)","No"
"PAT-FAC-0025","Sundari Devi Hospital","Hospital / Healthcare","NH Corridor (NH22)","901.4","0.901","500m - 1000m (Intermediate Access)","No"
"PAT-FAC-0026","Susruta Surgical Clinic","Hospital / Healthcare","Ashok Raj Path","107.5","0.108","Within 500m (High Direct Access)","Yes"
"PAT-FAC-0027","A.B. Eye Institute","Hospital / Healthcare","Kankarbagh Main Road","219.3","0.219","Within 500m (High Direct Access)","Yes"
"PAT-FAC-0028","Child Hospital","Hospital / Healthcare","Bailey Road","303.6","0.304","Within 500m (High Direct Access)","Yes"
"PAT-FAC-0029","Harsh Clinic","Hospital / Healthcare","Ashok Rajpath","577.7","0.578","500m - 1000m (Intermediate Access)","No"
"PAT-FAC-0030","Jeevak Shalya Nilayam","Hospital / Healthcare","Ashok Rajpath","463.2","0.463","Within 500m (High Direct Access)","Yes"
"PAT-FAC-0031","D N Singh Memorial Trust","Hospital / Healthcare","Atal Path Flyover","65.7","0.066","Within 500m (High Direct Access)","Yes"
"PAT-FAC-0032","Jyoti Punj Hospital","Hospital / Healthcare","Atal Path Flyover","379","0.379","Within 500m (High Direct Access)","Yes"
"PAT-FAC-0033","Sahaj Surgery","Hospital / Healthcare","Kumhrar Road","15.2","0.015","Within 500m (High Direct Access)","Yes"
"PAT-FAC-0034","Laxman Care Centre","Hospital / Healthcare","NH Corridor (NH139)","584.1","0.584","500m - 1000m (Intermediate Access)","No"
"PAT-FAC-0035","Srijan Centre For Assisted Human Reproduction","Hospital / Healthcare","Kumhrar Road","792.7","0.793","500m - 1000m (Intermediate Access)","No"
"PAT-FAC-0036","Ramwati Nursing Home","Hospital / Healthcare","Bailey Road Flyover","144.2","0.144","Within 500m (High Direct Access)","Yes"
"PAT-FAC-0037","Renu Eye Center","Hospital / Healthcare","Atal Path Flyover","306","0.306","Within 500m (High Direct Access)","Yes"
"PAT-FAC-0038","Patna Bone And Spine Hospital Pvt Ltd","Hospital / Healthcare","Kumhrar Road","69.7","0.07","Within 500m (High Direct Access)","Yes"
"PAT-FAC-0039","Ruban Emergency Hospital","Hospital / Healthcare","Major City Arterial","56.1","0.056","Within 500m (High Direct Access)","Yes"
"PAT-FAC-0040","Pramila Nursing Home, Patna","Hospital / Healthcare","Flyover","110.9","0.111","Within 500m (High Direct Access)","Yes"
"PAT-FAC-0041","R N Superspecility Hospital And Research Centre","Hospital / Healthcare","Bailey Road Flyover","171.9","0.172","Within 500m (High Direct Access)","Yes"
"PAT-FAC-0042","Rajendra Memorial Research Institute of Medical Sciences","Hospital / Healthcare","Flyover","160.3","0.16","Within 500m (High Direct Access)","Yes"
"PAT-FAC-0043","Rajeshwar Hospital, Patna","Hospital / Healthcare","Kumhrar Road","22","0.022","Within 500m (High Direct Access)","Yes"
"PAT-FAC-0044","E N T Hospital and Research Centre","Hospital / Healthcare","Kumhrar Road","224.2","0.224","Within 500m (High Direct Access)","Yes"
"PAT-FAC-0045","Ishwar Dayal Memorial Hospital","Hospital / Healthcare","NH Corridor (NH22)","35.7","0.036","Within 500m (High Direct Access)","Yes"
"PAT-FAC-0046","Jagdamba Nursing Home, Patna","Hospital / Healthcare","Patna Bypass / Expressway Corridor","40.2","0.04","Within 500m (High Direct Access)","Yes"
"PAT-FAC-0047","Avadh Eye Hospital- Dr Arjun Kumar Singh","Hospital / Healthcare","NH Corridor (NH139)","114.9","0.115","Within 500m (High Direct Access)","Yes"
"PAT-FAC-0048","Patliputra Divine Hospital Pvt Ltd","Hospital / Healthcare","Kumhrar Road","329.9","0.33","Within 500m (High Direct Access)","Yes"
"PAT-FAC-0049","Netradham Eye Hospital","Hospital / Healthcare","Atal Path","170.2","0.17","Within 500m (High Direct Access)","Yes"
"PAT-FAC-0050","Popular Nursing Home, Patna","Hospital / Healthcare","Ashok Raj Path","47.2","0.047","Within 500m (High Direct Access)","Yes"
"PAT-FAC-0051","Prakash Hospital, Patna","Hospital / Healthcare","Chiriya Taar overbridge","288.8","0.289","Within 500m (High Direct Access)","Yes"
"PAT-FAC-0052","Mahavir Vaatsalya Aspatal","Hospital / Healthcare","Ashok Rajpath","103.4","0.103","Within 500m (High Direct Access)","Yes"
"PAT-FAC-0053","Ford Hospital","Hospital / Healthcare","NH Corridor (NH22)","58.4","0.058","Within 500m (High Direct Access)","Yes"
"PAT-FAC-0054","Hope Child Care and Research Centre","Hospital / Healthcare","Kumhrar Road","581.4","0.581","500m - 1000m (Intermediate Access)","No"
"PAT-FAC-0055","Heart Hospital, Patna","Hospital / Healthcare","Kumhrar Road","273.5","0.273","Within 500m (High Direct Access)","Yes"
"PAT-FAC-0056","I Care Eye Hospital and Research Centre","Hospital / Healthcare","Kumhrar Road","288.2","0.288","Within 500m (High Direct Access)","Yes"
"PAT-FAC-0057","Chand Memorial Hospital","Hospital / Healthcare","Atal Path Flyover","250.8","0.251","Within 500m (High Direct Access)","Yes"
"PAT-FAC-0058","Sahyog Hospital, Patna","Hospital / Healthcare","Atal Path Flyover","581.8","0.582","500m - 1000m (Intermediate Access)","No"
"PAT-FAC-0059","Narain Nursing Home","Hospital / Healthcare","Ashok Rajpath","747.1","0.747","500m - 1000m (Intermediate Access)","No"
"PAT-FAC-0060","Jagdish Memorial Hospital","Hospital / Healthcare","kankarbagh main road","425.3","0.425","Within 500m (High Direct Access)","Yes"
"PAT-FAC-0061","K. B. Surgical Clinic","Hospital / Healthcare","Atal Path","65.4","0.065","Within 500m (High Direct Access)","Yes"
"PAT-FAC-0062","Life Care Maternity Home","Hospital / Healthcare","NH Corridor (NH139)","287.1","0.287","Within 500m (High Direct Access)","Yes"
"PAT-FAC-0063","Manav Orthopaedic Clinic And Maternity Home","Hospital / Healthcare","Kumhrar Road","874.6","0.875","500m - 1000m (Intermediate Access)","No"
"PAT-FAC-0064","Manas Nursing Home, Patna","Hospital / Healthcare","kankarbagh main road","462.4","0.462","Within 500m (High Direct Access)","Yes"
"PAT-FAC-0065","Om Nursing Home, Patna","Hospital / Healthcare","NH Corridor (NH22)","655.7","0.656","500m - 1000m (Intermediate Access)","No"
"PAT-FAC-0066","Maulana Sajjad Memorial Hospital","Hospital / Healthcare","NH Corridor (NH139)","22.7","0.023","Within 500m (High Direct Access)","Yes"
"PAT-FAC-0067","New Born Care Centre (P) Ltd","Hospital / Healthcare","Kumhrar Road","663.9","0.664","500m - 1000m (Intermediate Access)","No"
"PAT-FAC-0068","Manokamna Health Care","Hospital / Healthcare","Ashok Raj Path","47.4","0.047","Within 500m (High Direct Access)","Yes"
"PAT-FAC-0069","Om Eye Clinic and Phaco Centre - Patna","Hospital / Healthcare","Chiriya Taar overbridge","946.6","0.947","500m - 1000m (Intermediate Access)","No"
"PAT-FAC-0070","Nav Sharda Aspatal Pvt Ltd","Hospital / Healthcare","Patna Bypass / Expressway Corridor","998.5","0.998","500m - 1000m (Intermediate Access)","No"
"PAT-FAC-0071","Shubham Maternity Centre","Hospital / Healthcare","NH Corridor (NH22)","666","0.666","500m - 1000m (Intermediate Access)","No"
"PAT-FAC-0072","Max Care Hospital And Research Institute Pvt. Ltd.","Hospital / Healthcare","Bailey Road Flyover","560.6","0.561","500m - 1000m (Intermediate Access)","No"
"PAT-FAC-0073","Ashutosh Memorial Hospital","Hospital / Healthcare","Neora Road","504.3","0.504","500m - 1000m (Intermediate Access)","No"
"PAT-FAC-0074","Apollo Trauma Centre","Hospital / Healthcare","kankarbagh main road","283.2","0.283","Within 500m (High Direct Access)","Yes"
"PAT-FAC-0075","Chanakya Hospital","Hospital / Healthcare","Kumhrar Road","264.7","0.265","Within 500m (High Direct Access)","Yes"
"PAT-FAC-0076","Adarsh Life Care Hospital Pvt. Ltd","Hospital / Healthcare","NH Corridor (NH22)","188.7","0.189","Within 500m (High Direct Access)","Yes"
"PAT-FAC-0077","Drishti Eye Care And Research Centre","Hospital / Healthcare","Kumhrar Road","269.5","0.27","Within 500m (High Direct Access)","Yes"
"PAT-FAC-0078","Dr. Vimal Hospital and Research Center","Hospital / Healthcare","NH Corridor (NH922)","144.3","0.144","Within 500m (High Direct Access)","Yes"
"PAT-FAC-0079","Swasti Womens Hospital And Research Centre","Hospital / Healthcare","Kumhrar Road","902.8","0.903","500m - 1000m (Intermediate Access)","No"
"PAT-FAC-0080","Shivam Hospital And Research Institute Pvt Ltd","Hospital / Healthcare","Kumhrar Road","785.7","0.786","500m - 1000m (Intermediate Access)","No"
"PAT-FAC-0081","New Kumar Nursing Home","Hospital / Healthcare","NH Corridor (NH22)","759.8","0.76","500m - 1000m (Intermediate Access)","No"
"PAT-FAC-0082","R.P. Golwara Memorial Hospital","Hospital / Healthcare","Ashok Raj Path","21.4","0.021","Within 500m (High Direct Access)","Yes"
"PAT-FAC-0083","Child Care Center","Hospital / Healthcare","Kumhrar Road","957.4","0.957","500m - 1000m (Intermediate Access)","No"
"PAT-FAC-0084","Shanti Navjeevan Hospital Pvt. Ltd.","Hospital / Healthcare","NH Corridor (NH22)","244.1","0.244","Within 500m (High Direct Access)","Yes"
"PAT-FAC-0085","CHANDRA ORTHOPAEDIC CLINIC","Hospital / Healthcare","Kumhrar Road","389.2","0.389","Within 500m (High Direct Access)","Yes"
"PAT-FAC-0086","Bilas Netralaya","Hospital / Healthcare","NH Corridor (NH139)","496.7","0.497","Within 500m (High Direct Access)","Yes"
"PAT-FAC-0087","K.B. Hospital and Research Institute - Patna","Hospital / Healthcare","NH Corridor (NH139)","11.3","0.011","Within 500m (High Direct Access)","Yes"
"PAT-FAC-0088","Uma Foundation","Hospital / Healthcare","Kumhrar Road","724.2","0.724","500m - 1000m (Intermediate Access)","No"
"PAT-FAC-0089","Shanti Maternity Centre","Hospital / Healthcare","Kumhrar Road","423.5","0.423","Within 500m (High Direct Access)","Yes"
"PAT-FAC-0090","Anupama Hospital Pvt. Ltd.","Hospital / Healthcare","Ashok Raj Path","65.3","0.065","Within 500m (High Direct Access)","Yes"
"PAT-FAC-0091","Vaishnavi Hospital, Patna","Hospital / Healthcare","Chapra - Patna Highway","360.3","0.36","Within 500m (High Direct Access)","Yes"
"PAT-FAC-0092","The Apollo Clinic, Patna","Hospital / Healthcare","NH Corridor (NH139)","22","0.022","Within 500m (High Direct Access)","Yes"
"PAT-FAC-0093","Brindavan Nursing Home","Hospital / Healthcare","Fraser Road","323.2","0.323","Within 500m (High Direct Access)","Yes"
"PAT-FAC-0094","Divya Drishti Eye Centre","Hospital / Healthcare","Bailey Road Flyover","44","0.044","Within 500m (High Direct Access)","Yes"
"PAT-FAC-0095","Polo Hospital, Patna","Hospital / Healthcare","Ashok Raj Path","16.3","0.016","Within 500m (High Direct Access)","Yes"
"PAT-FAC-0096","Sheila Urology & Laproscopy Centre","Hospital / Healthcare","Bailey Road","543.5","0.543","500m - 1000m (Intermediate Access)","No"
"PAT-FAC-0097","P.K.Nursing Home Awam Maternity Centre","Hospital / Healthcare","Flyover","147.9","0.148","Within 500m (High Direct Access)","Yes"
"PAT-FAC-0098","Shri Harijeevan Health Care","Hospital / Healthcare","Ashok Raj Path","16.2","0.016","Within 500m (High Direct Access)","Yes"
"PAT-FAC-0099","Siddiqui Nursing Home and M.R.C. Pvt. Ltd.","Hospital / Healthcare","Ashok Raj Path","113","0.113","Within 500m (High Direct Access)","Yes"
"PAT-FAC-0100","S.S.Hospital and Research Centre Pvt.Ltd.","Hospital / Healthcare","NH Corridor (NH22)","705.2","0.705","500m - 1000m (Intermediate Access)","No"
"PAT-FAC-0101","Shyamal Hospital","Hospital / Healthcare","Bailey Road Flyover","781.3","0.781","500m - 1000m (Intermediate Access)","No"
"PAT-FAC-0102","Sri Ram Hospital","Hospital / Healthcare","kankarbagh main road","325.3","0.325","Within 500m (High Direct Access)","Yes"
"PAT-FAC-0103","Pandey Nursing Home & Research Centre Patna","Hospital / Healthcare","kankarbagh main road","284.7","0.285","Within 500m (High Direct Access)","Yes"
"PAT-FAC-0104","Dubey Urology Clinic and Stone Centre","Hospital / Healthcare","kankarbagh main road","85.6","0.086","Within 500m (High Direct Access)","Yes"
"PAT-FAC-0105","Budha Hospital","Hospital / Healthcare","NH Corridor (NH22)","642","0.642","500m - 1000m (Intermediate Access)","No"
"PAT-FAC-0106","Jeevak Heart Hospital and Research Institute Pvt Ltd","Hospital / Healthcare","Kumhrar Road","143.1","0.143","Within 500m (High Direct Access)","Yes"
"PAT-FAC-0107","Arvind Hospital","Hospital / Healthcare","Ashok Raj Path","42.6","0.043","Within 500m (High Direct Access)","Yes"
"PAT-FAC-0108","Vijai Hospital","Hospital / Healthcare","Kumhrar Road","747.4","0.747","500m - 1000m (Intermediate Access)","No"
"PAT-FAC-0109","Aarogya Orthopaedic and Trauma Clinic","Hospital / Healthcare","Ashok Raj Path","811.3","0.811","500m - 1000m (Intermediate Access)","No"
"PAT-FAC-0110","Anshuman Nursing Home and Maternity Centre","Hospital / Healthcare","NH Corridor (NH139)","304.7","0.305","Within 500m (High Direct Access)","Yes"
"PAT-FAC-0111","Getwell Hospital, Patna","Hospital / Healthcare","Bailey Road Flyover","50","0.05","Within 500m (High Direct Access)","Yes"
"PAT-FAC-0112","Bhavani Clinic","Hospital / Healthcare","Ashok Raj Path","449.8","0.45","Within 500m (High Direct Access)","Yes"
"PAT-FAC-0113","CGHS Dispensary, Budha Marg","Hospital / Healthcare","Bailey Road","313.1","0.313","Within 500m (High Direct Access)","Yes"
"PAT-FAC-0114","Shekhar Shalya Chikitsalaya","Hospital / Healthcare","NH Corridor (NH22)","283.5","0.284","Within 500m (High Direct Access)","Yes"
"PAT-FAC-0115","J.H.Nursing Home","Hospital / Healthcare","kankarbagh main road","142.8","0.143","Within 500m (High Direct Access)","Yes"
"PAT-FAC-0116","M.G.M Hospital And Research Centre Pvt Ltd","Hospital / Healthcare","NH Corridor (NH139)","518.7","0.519","500m - 1000m (Intermediate Access)","No"
"PAT-FAC-0117","Paras HMRI Hospital","Hospital / Healthcare","Bailey Road Flyover","46.4","0.046","Within 500m (High Direct Access)","Yes"
"PAT-FAC-0118","Punam Surgical and Maternity Clinic","Hospital / Healthcare","Bailey Road Flyover","235.9","0.236","Within 500m (High Direct Access)","Yes"
"PAT-FAC-0119","Magadh Nursing Home","Hospital / Healthcare","NH Corridor (NH139)","199.2","0.199","Within 500m (High Direct Access)","Yes"
"PAT-FAC-0120","Divya Jyoti Nursing Home","Hospital / Healthcare","Bailey Road Flyover","123.1","0.123","Within 500m (High Direct Access)","Yes"
"PAT-FAC-0121","Ashoka Hospital( Aunit Of Ashoka Multispeciality Hospital Pvt Limited)","Hospital / Healthcare","Kumhrar Road","635.4","0.635","500m - 1000m (Intermediate Access)","No"
"PAT-FAC-0122","Atlantis Hospital","Hospital / Healthcare","Patna Bypass / Expressway Corridor","64.5","0.065","Within 500m (High Direct Access)","Yes"
"PAT-FAC-0123","Aarogya Hospital, Patna","Hospital / Healthcare","Ashok Raj Path","780.5","0.78","500m - 1000m (Intermediate Access)","No"
"PAT-FAC-0124","Appolo Burn Hospital","Hospital / Healthcare","Kumhrar Road","25.4","0.025","Within 500m (High Direct Access)","Yes"
"PAT-FAC-0125","Magadh Hospital","Hospital / Healthcare","NH Corridor (NH139)","756.4","0.756","500m - 1000m (Intermediate Access)","No"
"PAT-FAC-0126","Sparsh Haritage Hospital","Hospital / Healthcare","Major City Arterial","9.2","0.009","Within 500m (High Direct Access)","Yes"
"PAT-FAC-0127","Suman Nursing Home, Patna","Hospital / Healthcare","Kumhrar Road","224.4","0.224","Within 500m (High Direct Access)","Yes"
"PAT-FAC-0128","Shahi Hospital (A Unit Of Abhishek Memorial Trust)","Hospital / Healthcare","NH Corridor (NH139)","742.9","0.743","500m - 1000m (Intermediate Access)","No"
"PAT-FAC-0129","Sri Vinayak Hospital, Patna","Hospital / Healthcare","NH Corridor (NH22)","68.1","0.068","Within 500m (High Direct Access)","Yes"
"PAT-FAC-0130","Buddha Eye Care and Laser Centre","Hospital / Healthcare","kankarbagh main road","338.9","0.339","Within 500m (High Direct Access)","Yes"
"PAT-FAC-0131","Shri Sai Hospital (A Unit Of Akhilesh Kumar Singh Hospital (P)Ltd)","Hospital / Healthcare","kankarbagh main road","409.8","0.41","Within 500m (High Direct Access)","Yes"
"PAT-FAC-0132","Akriti Nursing Home","Hospital / Healthcare","kankarbagh main road","691.2","0.691","500m - 1000m (Intermediate Access)","No"
"PAT-FAC-0133","Keshav Hospital Pvt Ltd","Hospital / Healthcare","NH Corridor (NH922)","46.2","0.046","Within 500m (High Direct Access)","Yes"
"PAT-FAC-0134","Maa Dulari Memorial Hospital","Hospital / Healthcare","NH Corridor (NH22)","314.7","0.315","Within 500m (High Direct Access)","Yes"
"PAT-FAC-0135","Imdad Medicare Research Institute","Hospital / Healthcare","Ashok Raj Path","701","0.701","500m - 1000m (Intermediate Access)","No"
"PAT-FAC-0136","Buddha Nursing Home","Hospital / Healthcare","Ashok Raj Path","175.5","0.176","Within 500m (High Direct Access)","Yes"
"PAT-FAC-0137","Anup Memorial Orthopaedic Centre","Hospital / Healthcare","kankarbagh main road","187","0.187","Within 500m (High Direct Access)","Yes"
"PAT-FAC-0138","Siddharth Multispeciality Hospital","Hospital / Healthcare","Kumhrar Road","525.2","0.525","500m - 1000m (Intermediate Access)","No"
"PAT-FAC-0139","Ambey Nursing Home","Hospital / Healthcare","Kankarbagh Main Road","189.7","0.19","Within 500m (High Direct Access)","Yes"
"PAT-FAC-0140","Akshat Seva Sadan","Hospital / Healthcare","NH Corridor (NH139)","131.6","0.132","Within 500m (High Direct Access)","Yes"
"PAT-FAC-0141","Advanced Eye Care","Hospital / Healthcare","Patna Bypass / Expressway Corridor","310.9","0.311","Within 500m (High Direct Access)","Yes"
"PAT-FAC-0142","Mithila Hospital","Hospital / Healthcare","NH Corridor (NH22)","69.2","0.069","Within 500m (High Direct Access)","Yes"
"PAT-FAC-0143","Ram Ratan Hospital","Hospital / Healthcare","Kumhrar Road","845.4","0.845","500m - 1000m (Intermediate Access)","No"
"PAT-FAC-0144","Abhinandan Hospital","Hospital / Healthcare","Kumhrar Road","590.6","0.591","500m - 1000m (Intermediate Access)","No"
"PAT-FAC-0145","Bharat Petroleum","Fuel / Petrol Pump","NH Corridor (NH139)","41.7","0.042","Within 500m (High Direct Access)","Yes"
"PAT-FAC-0146","CGHS, Chajjubagh","Hospital / Healthcare","Fraser Road","166.6","0.167","Within 500m (High Direct Access)","Yes"
"PAT-FAC-0147","Dr. Usha Didwania Nursing Home","Hospital / Healthcare","Kumhrar Road","796.3","0.796","500m - 1000m (Intermediate Access)","No"
"PAT-FAC-0148","Chandra Shambhu Narayan Eye Hospital Pvt. Ltd.","Hospital / Healthcare","Chiriya Taar overbridge","24.5","0.025","Within 500m (High Direct Access)","Yes"
"PAT-FAC-0149","Shrinivas Hospital - Patna","Hospital / Healthcare","NH Corridor (NH139)","262.9","0.263","Within 500m (High Direct Access)","Yes"
"PAT-FAC-0150","Sarvamangla Clinic","Hospital / Healthcare","Kumhrar Road","802.6","0.803","500m - 1000m (Intermediate Access)","No"
"PAT-FAC-0151","Satyam Hospital, Gaya","Hospital / Healthcare","Bailey Road Flyover","134.5","0.134","Within 500m (High Direct Access)","Yes"
"PAT-FAC-0152","Anami Orthopaedics","Hospital / Healthcare","NH Corridor (NH139)","17.4","0.017","Within 500m (High Direct Access)","Yes"
"PAT-FAC-0153","Shekhar Hospital","Hospital / Healthcare","Bailey Road Flyover","16.6","0.017","Within 500m (High Direct Access)","Yes"
"PAT-FAC-0154","Shyam Nursing Home, Patna","Hospital / Healthcare","Fraser Road","304.7","0.305","Within 500m (High Direct Access)","Yes"
"PAT-FAC-0155","Krishna Health Care","Hospital / Healthcare","Bailey Road Flyover","46.2","0.046","Within 500m (High Direct Access)","Yes"
"PAT-FAC-0156","Aargyam Multi Speciality Clinical Care","Hospital / Healthcare","Major City Arterial","521.5","0.521","500m - 1000m (Intermediate Access)","No"
"PAT-FAC-0157","Guljarbagh Dispensary","Hospital / Healthcare","Ashok Raj Path","71","0.071","Within 500m (High Direct Access)","Yes"
"PAT-FAC-0158","Kankarbagh Dispensary","Hospital / Healthcare","kankarbagh main road","73.1","0.073","Within 500m (High Direct Access)","Yes"
"PAT-FAC-0159","Goverment hospital,Khagual","Hospital / Healthcare","Major City Arterial","314","0.314","Within 500m (High Direct Access)","Yes"
"PAT-FAC-0160","SDH Danapur","Hospital / Healthcare","Major City Arterial","299","0.299","Within 500m (High Direct Access)","Yes"
"PAT-FAC-0161","Udayan Hospital","Hospital / Healthcare","Ashok Rajpath","321.7","0.322","Within 500m (High Direct Access)","Yes"
"PAT-FAC-0162","River View Service Station","Fuel / Petrol Pump","Ashok Rajpath","11.7","0.012","Within 500m (High Direct Access)","Yes"
"PAT-FAC-0163","BP Patna","Fuel / Petrol Pump","Bailey Road","12.7","0.013","Within 500m (High Direct Access)","Yes"
"PAT-FAC-0164","Wali Clinic - Neurotherapy Treatment","Hospital / Healthcare","NH Corridor (NH922)","74","0.074","Within 500m (High Direct Access)","Yes"
"PAT-FAC-0165","Shivam Clinic","Hospital / Healthcare","NH Corridor (NH922)","218.9","0.219","Within 500m (High Direct Access)","Yes"
"PAT-FAC-0166","Nestiva Jay Arogyam Hospital","Hospital / Healthcare","NH Corridor (NH139)","174","0.174","Within 500m (High Direct Access)","Yes"
"PAT-FAC-0167","Dr. Usha Kiran Clinic","Hospital / Healthcare","NH Corridor (NH922)","176.4","0.176","Within 500m (High Direct Access)","Yes"
"PAT-FAC-0168","Amrutanjan Health Care Limited","Hospital / Healthcare","Bailey Road","548.7","0.549","500m - 1000m (Intermediate Access)","No"
"PAT-FAC-0169","Dr. S C Jha - Chest Clinic","Hospital / Healthcare","Bailey Road","32.8","0.033","Within 500m (High Direct Access)","Yes"
"PAT-FAC-0170","Soni Physiotherapy and Health Clinic","Hospital / Healthcare","Patna Bypass / Expressway Corridor","205.3","0.205","Within 500m (High Direct Access)","Yes"
"PAT-FAC-0171","N.S. Emergency Hospital","Hospital / Healthcare","NH Corridor (NH139)","47.6","0.048","Within 500m (High Direct Access)","Yes"
"PAT-FAC-0172","Nirgo Poly Clinic","Hospital / Healthcare","NH Corridor (NH22)","10.4","0.01","Within 500m (High Direct Access)","Yes"
"PAT-FAC-0173","Bone Hospital","Hospital / Healthcare","NH Corridor (NH22)","399.5","0.399","Within 500m (High Direct Access)","Yes"
"PAT-FAC-0174","Spandan Cardio and Diabetic Clinic","Hospital / Healthcare","Patna Bypass / Expressway Corridor","111.2","0.111","Within 500m (High Direct Access)","Yes"
"PAT-FAC-0175","Panchlok Diagnostic Centre","Hospital / Healthcare","Bailey Road","20.2","0.02","Within 500m (High Direct Access)","Yes"
"PAT-FAC-0176","Child Hospital","Hospital / Healthcare","Bailey Road","16","0.016","Within 500m (High Direct Access)","Yes"
"PAT-FAC-0177","Baby & Child Hospital","Hospital / Healthcare","NH Corridor (NH139)","379.9","0.38","Within 500m (High Direct Access)","Yes"
"PAT-FAC-0178","Shiv Shakti Hospital","Hospital / Healthcare","Ashok Rajpath","443.1","0.443","Within 500m (High Direct Access)","Yes"
"PAT-FAC-0179","Neurology Clinic","Hospital / Healthcare","Atal Path Flyover","66.2","0.066","Within 500m (High Direct Access)","Yes"
"PAT-FAC-0180","Guru Kripa Paali Clinic","Hospital / Healthcare","NH Corridor (NH22)","312","0.312","Within 500m (High Direct Access)","Yes"
"PAT-FAC-0181","Patna Heart Hospital","Hospital / Healthcare","Ashok Rajpath","596.3","0.596","500m - 1000m (Intermediate Access)","No"
"PAT-FAC-0182","Dr. V.K. Sinha Clinic","Hospital / Healthcare","Ashok Rajpath","528.2","0.528","500m - 1000m (Intermediate Access)","No"
"PAT-FAC-0183","Dr. Sachidanand Sinha Ent","Hospital / Healthcare","Ashok Rajpath","432.6","0.433","Within 500m (High Direct Access)","Yes"
"PAT-FAC-0184","Yash Ortho and General Health Care Clinic","Hospital / Healthcare","Major City Arterial","1178.9","1.179","1000m - 2000m (Secondary Access)","No"
"PAT-FAC-0185","Balaji Heart Centre","Hospital / Healthcare","Atal Path","39.2","0.039","Within 500m (High Direct Access)","Yes"
"PAT-FAC-0186","Jagdamba Hospital","Hospital / Healthcare","NH Corridor (NH22)","14.1","0.014","Within 500m (High Direct Access)","Yes"
"PAT-FAC-0187","Nu-Life Clinic","Hospital / Healthcare","NH Corridor (NH139)","160.6","0.161","Within 500m (High Direct Access)","Yes"
"PAT-FAC-0188","Ayush Hospital","Hospital / Healthcare","NH Corridor (NH22)","281.4","0.281","Within 500m (High Direct Access)","Yes"
"PAT-FAC-0189","Prabha Clinic","Hospital / Healthcare","NH Corridor (NH22)","285","0.285","Within 500m (High Direct Access)","Yes"
"PAT-FAC-0190","Kankarbagh police station","Police Station / Emergency","kankarbagh main road","498.1","0.498","Within 500m (High Direct Access)","Yes"
"PAT-FAC-0191","College of Commerce, Arts and Science","College / University","Kumhrar Road","102.5","0.102","Within 500m (High Direct Access)","Yes"
"PAT-FAC-0192","Indian Oil","Fuel / Petrol Pump","Kumhrar Road","12.3","0.012","Within 500m (High Direct Access)","Yes"
"PAT-FAC-0193","Indian Oil","Fuel / Petrol Pump","Ashok Raj Path","913.9","0.914","500m - 1000m (Intermediate Access)","No"
"PAT-FAC-0194","Indian Oil","Fuel / Petrol Pump","Chiriya Taar overbridge","91.8","0.092","Within 500m (High Direct Access)","Yes"
"PAT-FAC-0195","Patliputra Univerity","College / University","Kumhrar Road","17.7","0.018","Within 500m (High Direct Access)","Yes"
"PAT-FAC-0196","Indian Oil","Fuel / Petrol Pump","kankarbagh main road","560.7","0.561","500m - 1000m (Intermediate Access)","No"
"PAT-FAC-0197","HP","Fuel / Petrol Pump","NH Corridor (NH139)","27.2","0.027","Within 500m (High Direct Access)","Yes"
"PAT-FAC-0198","Sanjeevani Hospital","Hospital / Healthcare","Kumhrar Road","765.4","0.765","500m - 1000m (Intermediate Access)","No"
"PAT-FAC-0199","Patrakar Nagar police station","Police Station / Emergency","NH Corridor (NH22)","565.6","0.566","500m - 1000m (Intermediate Access)","No"
"PAT-FAC-0200","RHEUMATOLOGY MEDICAL SPECIALITY CLINIC","Hospital / Healthcare","Ashok Rajpath","727.5","0.727","500m - 1000m (Intermediate Access)","No"
"PAT-FAC-0201","NIRANJAN AAROGYA NIKETAN AND RESEARCH CENTRE","Hospital / Healthcare","Ashok Raj Path","297.8","0.298","Within 500m (High Direct Access)","Yes"
"PAT-FAC-0202","AYUSH building, AIIMS Patna","Hospital / Healthcare","NH Corridor (NH139)","351.4","0.351","Within 500m (High Direct Access)","Yes"
"PAT-FAC-0203","AIIMS Patna OPD","Hospital / Healthcare","NH Corridor (NH139)","194.7","0.195","Within 500m (High Direct Access)","Yes"
"PAT-FAC-0204","In patient Department, AIIMS Patna","Hospital / Healthcare","NH Corridor (NH139)","176.4","0.176","Within 500m (High Direct Access)","Yes"
"PAT-FAC-0205","Trauma and Emergency, AIIMS Patna","Hospital / Healthcare","NH Corridor (NH139)","108.9","0.109","Within 500m (High Direct Access)","Yes"
"PAT-FAC-0206","Unnamed Hospital / Healthcare (206)","Hospital / Healthcare","Bailey Road","78.8","0.079","Within 500m (High Direct Access)","Yes"
"PAT-FAC-0207","Unnamed Hospital / Healthcare (207)","Hospital / Healthcare","Bailey Road","179.7","0.18","Within 500m (High Direct Access)","Yes"
"PAT-FAC-0208","Shekhar eye care and laser centre","Hospital / Healthcare","Atal Path Flyover","780.3","0.78","500m - 1000m (Intermediate Access)","No"
"PAT-FAC-0209","Unnamed Hospital / Healthcare (209)","Hospital / Healthcare","Atal Path Flyover","383.9","0.384","Within 500m (High Direct Access)","Yes"
"PAT-FAC-0210","Unnamed Police Station / Emergency (210)","Police Station / Emergency","Atal Path","740.8","0.741","500m - 1000m (Intermediate Access)","No"
"PAT-FAC-0211","Ridhimaa Medicare and Dental Care","Hospital / Healthcare","NH Corridor (NH22)","274.3","0.274","Within 500m (High Direct Access)","Yes"
"PAT-FAC-0212","mediplus hospital","Hospital / Healthcare","NH Corridor (NH22)","336.7","0.337","Within 500m (High Direct Access)","Yes"
"PAT-FAC-0213","maa laxmi clinic","Hospital / Healthcare","NH Corridor (NH22)","242.3","0.242","Within 500m (High Direct Access)","Yes"
"PAT-FAC-0214","mediglobe multispecialty hospital","Hospital / Healthcare","NH Corridor (NH22)","140.7","0.141","Within 500m (High Direct Access)","Yes"
"PAT-FAC-0215","mediglobe multispecialty hospital","Hospital / Healthcare","NH Corridor (NH22)","33.1","0.033","Within 500m (High Direct Access)","Yes"
"PAT-FAC-0216","amrit avi hospital","Hospital / Healthcare","NH Corridor (NH22)","794.1","0.794","500m - 1000m (Intermediate Access)","No"
"PAT-FAC-0217","dr. dipti roy","Hospital / Healthcare","NH Corridor (NH22)","766","0.766","500m - 1000m (Intermediate Access)","No"
"PAT-FAC-0218","Patna Nutrition and wellness club","Hospital / Healthcare","NH Corridor (NH22)","821.7","0.822","500m - 1000m (Intermediate Access)","No"
"PAT-FAC-0219","dr. sk singha","Hospital / Healthcare","NH Corridor (NH22)","794.5","0.795","500m - 1000m (Intermediate Access)","No"
"PAT-FAC-0220","Mohit Medical Hall","Hospital / Healthcare","NH Corridor (NH22)","966.5","0.966","500m - 1000m (Intermediate Access)","No"
"PAT-FAC-0221","furever clinic pet","Hospital / Healthcare","NH Corridor (NH139)","849.1","0.849","500m - 1000m (Intermediate Access)","No"
"PAT-FAC-0222","SHRI  SAI COLLEGE OF NURSING AND PARAMEDICAL","College / University","NH Corridor (NH139)","785.6","0.786","500m - 1000m (Intermediate Access)","No"
"PAT-FAC-0223","Bhawanani Clinic","Hospital / Healthcare","NH Corridor (NH22)","817","0.817","500m - 1000m (Intermediate Access)","No"
"PAT-FAC-0224","Sharda Medical Hall","Hospital / Healthcare","NH Corridor (NH22)","686.7","0.687","500m - 1000m (Intermediate Access)","No"
"PAT-FAC-0225","Choudhary Medicals","Hospital / Healthcare","NH Corridor (NH22)","812.9","0.813","500m - 1000m (Intermediate Access)","No"
"PAT-FAC-0226","SR HOSPITAL","Hospital / Healthcare","NH Corridor (NH22)","237.2","0.237","Within 500m (High Direct Access)","Yes"
"PAT-FAC-0227","Dr. Gopal Prasad","Hospital / Healthcare","Atal Path Flyover","567.5","0.568","500m - 1000m (Intermediate Access)","No"
"PAT-FAC-0228","Patna popular hosp[ital","Hospital / Healthcare","NH Corridor (NH22)","42.2","0.042","Within 500m (High Direct Access)","Yes"
"PAT-FAC-0229","DR. BINAY KARAK NEUROLOGISTS CLINIC","Hospital / Healthcare","Kumhrar Road","372.8","0.373","Within 500m (High Direct Access)","Yes"
"PAT-FAC-0230","DR. PRABHAT MEMORIAL HIRAMATI HOSPITAL","Hospital / Healthcare","Kumhrar Road","802.3","0.802","500m - 1000m (Intermediate Access)","No"
"PAT-FAC-0231","PINNACLE HOSPITAL","Hospital / Healthcare","NH Corridor (NH139)","553.8","0.554","500m - 1000m (Intermediate Access)","No"
"PAT-FAC-0232","AN College Police Station","Police Station / Emergency","Atal Path Flyover","97","0.097","Within 500m (High Direct Access)","Yes"
"PAT-FAC-0233","Bihar Burn Hospital","Hospital / Healthcare","Kumhrar Road","762.9","0.763","500m - 1000m (Intermediate Access)","No"
"PAT-FAC-0234","Bhootnath Diagnostics","Hospital / Healthcare","Kumhrar Road","796.6","0.797","500m - 1000m (Intermediate Access)","No"
"PAT-FAC-0235","Atharv hospital","Hospital / Healthcare","NH Corridor (NH22)","746.8","0.747","500m - 1000m (Intermediate Access)","No"
"PAT-FAC-0236","Osho Dhara Hospital","Hospital / Healthcare","Kumhrar Road","621.8","0.622","500m - 1000m (Intermediate Access)","No"
"PAT-FAC-0237","Nalanda Seva Sadan Hospital","Hospital / Healthcare","NH Corridor (NH22)","818","0.818","500m - 1000m (Intermediate Access)","No"
"PAT-FAC-0238","CIMS Hospital","Hospital / Healthcare","NH Corridor (NH22)","680.6","0.681","500m - 1000m (Intermediate Access)","No"
"PAT-FAC-0239","Apna Emergency Hospital","Hospital / Healthcare","NH Corridor (NH22)","516.2","0.516","500m - 1000m (Intermediate Access)","No"
"PAT-FAC-0240","Pushpanjali Multispecialty Hospital","Hospital / Healthcare","NH Corridor (NH22)","748.5","0.748","500m - 1000m (Intermediate Access)","No"
"PAT-FAC-0241","Patliputra Hospitals & Research Centre","Hospital / Healthcare","NH Corridor (NH22)","463.7","0.464","Within 500m (High Direct Access)","Yes"
"PAT-FAC-0242","Priyadarshani Nishant Hospital","Hospital / Healthcare","NH Corridor (NH22)","690.4","0.69","500m - 1000m (Intermediate Access)","No"
"PAT-FAC-0243","Hari Hospital","Hospital / Healthcare","NH Corridor (NH22)","643","0.643","500m - 1000m (Intermediate Access)","No"
"PAT-FAC-0244","Shree Ganesha Hospital","Hospital / Healthcare","NH Corridor (NH22)","609.4","0.609","500m - 1000m (Intermediate Access)","No"
"PAT-FAC-0245","The City Hospital","Hospital / Healthcare","NH Corridor (NH22)","621.2","0.621","500m - 1000m (Intermediate Access)","No"
"PAT-FAC-0246","Sindhu Advanced Child Care Center","Hospital / Healthcare","NH Corridor (NH22)","357.9","0.358","Within 500m (High Direct Access)","Yes"
"PAT-FAC-0247","shankar medical","Hospital / Healthcare","NH Corridor (NH22)","637.7","0.638","500m - 1000m (Intermediate Access)","No"
"PAT-FAC-0248","agam kuaa thana","Police Station / Emergency","NH Corridor (NH22)","482.1","0.482","Within 500m (High Direct Access)","Yes"
"PAT-FAC-0249","vijay nuirsing home","Hospital / Healthcare","NH Corridor (NH22)","641.7","0.642","500m - 1000m (Intermediate Access)","No"
"PAT-FAC-0250","kali mandir medical","Hospital / Healthcare","NH Corridor (NH22)","639.1","0.639","500m - 1000m (Intermediate Access)","No"
"PAT-FAC-0251","sunil medical","Hospital / Healthcare","NH Corridor (NH22)","646.6","0.647","500m - 1000m (Intermediate Access)","No"
"PAT-FAC-0252","mamta kunj","Hospital / Healthcare","Patna Bypass / Expressway Corridor","959.6","0.96","500m - 1000m (Intermediate Access)","No"
"PAT-FAC-0253","Unnamed Hospital / Healthcare (253)","Hospital / Healthcare","Patna Bypass / Expressway Corridor","1152.7","1.153","1000m - 2000m (Secondary Access)","No"
"PAT-FAC-0254","mini pet care","Hospital / Healthcare","Patna Bypass / Expressway Corridor","831.6","0.832","500m - 1000m (Intermediate Access)","No"
"PAT-FAC-0255","orthocare and speciality","Hospital / Healthcare","Patna Bypass / Expressway Corridor","938.2","0.938","500m - 1000m (Intermediate Access)","No"
"PAT-FAC-0256","sasmay hospital","Hospital / Healthcare","NH Corridor (NH922)","294.6","0.295","Within 500m (High Direct Access)","Yes"
"PAT-FAC-0257","prathma blood care centre","Hospital / Healthcare","NH Corridor (NH922)","42.1","0.042","Within 500m (High Direct Access)","Yes"
"PAT-FAC-0258","High Tech","Hospital / Healthcare","NH Corridor (NH922)","232.6","0.233","Within 500m (High Direct Access)","Yes"
"PAT-FAC-0259","Indian Oil","Fuel / Petrol Pump","NH Corridor (NH139)","45.9","0.046","Within 500m (High Direct Access)","Yes"
"PAT-FAC-0260","Lokpriye Hospital","Hospital / Healthcare","Primary Arterial (SH1)","753","0.753","500m - 1000m (Intermediate Access)","No"
"PAT-FAC-0261","Meditech Hospital & Sports Injury Centre","Hospital / Healthcare","Bailey Road Flyover","594.2","0.594","500m - 1000m (Intermediate Access)","No"
"PAT-FAC-0262","Unnamed Police Station / Emergency (262)","Police Station / Emergency","Atal Path Flyover","3.9","0.004","Within 500m (High Direct Access)","Yes"
"PAT-FAC-0263","Unnamed Hospital / Healthcare (263)","Hospital / Healthcare","Ashok Rajpath","18.3","0.018","Within 500m (High Direct Access)","Yes"
"PAT-FAC-0264","DR AK Chamdra","Hospital / Healthcare","Ashok Rajpath","38.4","0.038","Within 500m (High Direct Access)","Yes"
"PAT-FAC-0265","Unnamed Police Station / Emergency (265)","Police Station / Emergency","Patna Bypass / Expressway Corridor","289.1","0.289","Within 500m (High Direct Access)","Yes"
"PAT-FAC-0266","Unnamed Hospital / Healthcare (266)","Hospital / Healthcare","Bailey Road Flyover","1538","1.538","1000m - 2000m (Secondary Access)","No"
"PAT-FAC-0267","Dr B K Rai","Hospital / Healthcare","Atal Path Flyover","1625.4","1.625","1000m - 2000m (Secondary Access)","No"
"PAT-FAC-0268","Dr D K Singh's MultiSpeciality Dental Clinic & Implant Center","Hospital / Healthcare","Bailey Road Flyover","1539.2","1.539","1000m - 2000m (Secondary Access)","No"
"PAT-FAC-0269","Unnamed Hospital / Healthcare (269)","Hospital / Healthcare","Bailey Road Flyover","1539.1","1.539","1000m - 2000m (Secondary Access)","No"
"PAT-FAC-0270","Unnamed Hospital / Healthcare (270)","Hospital / Healthcare","Atal Path Flyover","1488","1.488","1000m - 2000m (Secondary Access)","No"
"PAT-FAC-0271","Narayana Cancer Centre","Hospital / Healthcare","Atal Path Flyover","371.1","0.371","Within 500m (High Direct Access)","Yes"
"PAT-FAC-0272","Super Clinic","Hospital / Healthcare","Atal Path Flyover","639.8","0.64","500m - 1000m (Intermediate Access)","No"
"PAT-FAC-0273","Krishna Cardiac Center","Hospital / Healthcare","Atal Path Flyover","708.2","0.708","500m - 1000m (Intermediate Access)","No"
"PAT-FAC-0274","Unnamed Police Station / Emergency (274)","Police Station / Emergency","Atal Path Flyover","2.7","0.003","Within 500m (High Direct Access)","Yes"
"PAT-FAC-0275","Unnamed Police Station / Emergency (275)","Police Station / Emergency","Atal Path Flyover","2.6","0.003","Within 500m (High Direct Access)","Yes"
"PAT-FAC-0276","Unnamed Police Station / Emergency (276)","Police Station / Emergency","Atal Path Flyover","248.8","0.249","Within 500m (High Direct Access)","Yes"
"PAT-FAC-0277","Unnamed Police Station / Emergency (277)","Police Station / Emergency","Patna Bypass / Expressway Corridor","83.1","0.083","Within 500m (High Direct Access)","Yes"
"PAT-FAC-0278","Buddha Cancer Centre, Patna","Hospital / Healthcare","NH Corridor (NH922)","348.6","0.349","Within 500m (High Direct Access)","Yes"
"PAT-FAC-0279","Unnamed Hospital / Healthcare (279)","Hospital / Healthcare","Atal Path Flyover","153.1","0.153","Within 500m (High Direct Access)","Yes"
"PAT-FAC-0280","RUDRA DENTAL CLINIC","Hospital / Healthcare","NH Corridor (NH22)","958.4","0.958","500m - 1000m (Intermediate Access)","No"
