"Road_ID","Road_Name","Category","Highway_Type","Ref_Code","Length_km","Lanes","Speed_Limit_kmph","Carriageway","Pavement_Condition"
"PAT-RD-0001","NH Corridor (NH22;NH31)","National Highway / Expressway","trunk","NH22;NH31","6.568","4","80","Divided Multi-Lane","Fair (PCI 70-84)"
"PAT-RD-0002","Chapra - Patna Highway","National Highway / Expressway","trunk","NH22;NH31","0.691","4","80","Divided Multi-Lane","Good (PCI 85-100)"
"PAT-RD-0003","Chapra - Patna Highway","National Highway / Expressway","trunk","NH22;NH31","0.691","4","80","Divided Multi-Lane","Good (PCI 85-100)"
"PAT-RD-0004","NH Corridor (NH22;NH31)","National Highway / Expressway","trunk","NH22;NH31","0.104","4","80","Divided Multi-Lane","Good (PCI 85-100)"
"PAT-RD-0005","NH Corridor (NH22;NH31)","National Highway / Expressway","trunk","NH22;NH31","0.105","4","80","Divided Multi-Lane","Good (PCI 85-100)"
"PAT-RD-0006","Chapra - Patna Highway","National Highway / Expressway","trunk","NH22;NH31","1.676","4","80","Divided Multi-Lane","Good (PCI 85-100)"
"PAT-RD-0007","NH Corridor (NH22)","National Highway / Expressway","trunk_link","NH22","0.064","4","80","Divided Multi-Lane","Good (PCI 85-100)"
"PAT-RD-0008","Flyover","National Highway / Expressway","trunk","N/A","0.034","4","80","Divided Multi-Lane","Good (PCI 85-100)"
"PAT-RD-0009","NH Corridor (NH31)","National Highway / Expressway","trunk_link","NH31","0.045","4","80","Divided Multi-Lane","Good (PCI 85-100)"
"PAT-RD-0010","Ashok Raj Path","Primary Arterial Road","primary","N/A","1.911","4","60","Divided Multi-Lane","Good (PCI 85-100)"
"PAT-RD-0011","Kargil Chowk","Primary Arterial Road","primary","N/A","0.186","4","60","Divided Multi-Lane","Good (PCI 85-100)"
"PAT-RD-0012","Major City Arterial","Primary Arterial Road","primary","N/A","0.338","4","60","Divided Multi-Lane","Good (PCI 85-100)"
"PAT-RD-0013","Ashok Raj Path","Primary Arterial Road","primary","N/A","0.596","4","60","Divided Multi-Lane","Good (PCI 85-100)"
"PAT-RD-0014","chiraiyantand flyover road","Secondary / Connector Road","secondary","N/A","0.871","2","40","Undivided 2-Lane","Good (PCI 85-100)"
"PAT-RD-0015","Rajendra Path","Secondary / Connector Road","secondary","N/A","0.388","2","40","Undivided 2-Lane","Good (PCI 85-100)"
"PAT-RD-0016","Major City Arterial","Primary Arterial Road","primary","N/A","0.129","4","60","Divided Multi-Lane","Good (PCI 85-100)"
"PAT-RD-0017","Birchand Patel Path (Gardner Road)","Primary Arterial Road","primary","N/A","0.618","4","60","Divided Multi-Lane","Good (PCI 85-100)"
"PAT-RD-0018","NH Corridor (NH139)","National Highway / Expressway","trunk","NH139","0.29","4","80","Divided Multi-Lane","Good (PCI 85-100)"
"PAT-RD-0019","NH Corridor (NH22;NH31)","National Highway / Expressway","trunk","NH22;NH31","6.567","4","80","Divided Multi-Lane","Good (PCI 85-100)"
"PAT-RD-0020","Flyover","National Highway / Expressway","trunk","NH22","0.705","4","80","Divided Multi-Lane","Good (PCI 85-100)"
"PAT-RD-0021","NH Corridor (NH139)","National Highway / Expressway","trunk","NH139","3.03","4","80","Divided Multi-Lane","Good (PCI 85-100)"
"PAT-RD-0022","NH Corridor (NH22)","National Highway / Expressway","trunk","NH22","1.318","4","80","Divided Multi-Lane","Good (PCI 85-100)"
"PAT-RD-0023","NH Corridor (NH922)","National Highway / Expressway","trunk","NH922","2.631","4","80","Divided Multi-Lane","Good (PCI 85-100)"
"PAT-RD-0024","NH Corridor (NH139)","National Highway / Expressway","trunk","NH139","0.085","4","80","Divided Multi-Lane","Good (PCI 85-100)"
"PAT-RD-0025","Neora Road","Primary Arterial Road","primary","NH922","2.75","4","60","Divided Multi-Lane","Good (PCI 85-100)"
"PAT-RD-0026","NH Corridor (NH139)","National Highway / Expressway","trunk","NH139","3.304","4","80","Divided Multi-Lane","Good (PCI 85-100)"
"PAT-RD-0027","NH Corridor (NH922)","National Highway / Expressway","trunk","NH922","0.068","4","80","Divided Multi-Lane","Good (PCI 85-100)"
"PAT-RD-0028","NH Corridor (NH922)","National Highway / Expressway","trunk","NH922","0.308","4","80","Divided Multi-Lane","Fair (PCI 70-84)"
"PAT-RD-0029","Bailey Road","National Highway / Expressway","trunk","NH922","0.165","4","80","Divided Multi-Lane","Fair (PCI 70-84)"
"PAT-RD-0030","Jagdeo Path","Secondary / Connector Road","secondary","MDR","2.257","2","40","Undivided 2-Lane","Fair (PCI 70-84)"
"PAT-RD-0031","Flyover","National Highway / Expressway","trunk","NH22","0.514","4","80","Divided Multi-Lane","Good (PCI 85-100)"
"PAT-RD-0032","Ashok Raj Path","Primary Arterial Road","primary","N/A","1.595","4","60","Divided Multi-Lane","Good (PCI 85-100)"
"PAT-RD-0033","Secondary Road (MDR)","Secondary / Connector Road","secondary","MDR","0.817","2","40","Undivided 2-Lane","Good (PCI 85-100)"
"PAT-RD-0034","Primary Arterial (SH1)","Primary Arterial Road","primary","SH1","0.052","4","60","Divided Multi-Lane","Good (PCI 85-100)"
"PAT-RD-0035","Primary Arterial (SH1)","Primary Arterial Road","primary","SH1","1.435","4","60","Divided Multi-Lane","Good (PCI 85-100)"
"PAT-RD-0036","Primary Arterial (SH1)","Primary Arterial Road","primary","SH1","0.998","4","60","Divided Multi-Lane","Good (PCI 85-100)"
"PAT-RD-0037","Primary Arterial (SH1)","Primary Arterial Road","primary","SH1","0.057","4","60","Divided Multi-Lane","Good (PCI 85-100)"
"PAT-RD-0038","Station Road","Secondary / Connector Road","secondary","N/A","0.39","2","40","Undivided 2-Lane","Good (PCI 85-100)"
"PAT-RD-0039","Flyover","National Highway / Expressway","trunk","NH139","0.213","4","80","Divided Multi-Lane","Good (PCI 85-100)"
"PAT-RD-0040","Kumhrar Road","National Highway / Expressway","trunk","NH139","0.278","4","80","Divided Multi-Lane","Good (PCI 85-100)"
"PAT-RD-0041","RK AVE","Secondary / Connector Road","secondary","N/A","0.166","2","40","Undivided 2-Lane","Good (PCI 85-100)"
"PAT-RD-0042","90 Feet Road","Secondary / Connector Road","secondary","N/A","0.532","2","40","Undivided 2-Lane","Good (PCI 85-100)"
"PAT-RD-0043","Urban Connector Road","Secondary / Connector Road","secondary","N/A","1.337","2","40","Undivided 2-Lane","Good (PCI 85-100)"
"PAT-RD-0044","Urban Connector Road","Secondary / Connector Road","secondary","N/A","1.946","2","40","Undivided 2-Lane","Good (PCI 85-100)"
"PAT-RD-0045","Secondary Road (MDR)","Secondary / Connector Road","secondary","MDR","3.876","2","40","Undivided 2-Lane","Good (PCI 85-100)"
"PAT-RD-0046","Chitkohara Flyover","Primary Arterial Road","primary","N/A","0.077","4","60","Divided Multi-Lane","Good (PCI 85-100)"
"PAT-RD-0047","Patliputra marg","Secondary / Connector Road","secondary","N/A","0.602","2","40","Undivided 2-Lane","Good (PCI 85-100)"
"PAT-RD-0048","Ashok Raj Path","Primary Arterial Road","primary","N/A","0.515","4","60","Divided Multi-Lane","Good (PCI 85-100)"
"PAT-RD-0049","East Boring Canal Road","Secondary / Connector Road","secondary","N/A","1.575","2","40","Undivided 2-Lane","Fair (PCI 70-84)"
"PAT-RD-0050","Serpentine Road","Secondary / Connector Road","secondary","N/A","0.616","2","40","Undivided 2-Lane","Good (PCI 85-100)"
"PAT-RD-0051","Station Road Flyover","National Highway / Expressway","trunk","NH922","0.276","4","80","Divided Multi-Lane","Good (PCI 85-100)"
"PAT-RD-0052","Chiriya Taar overbridge","Secondary / Connector Road","secondary","N/A","0.885","2","40","Undivided 2-Lane","Good (PCI 85-100)"
"PAT-RD-0053","Urban Connector Road","Secondary / Connector Road","secondary","N/A","0.178","2","40","Undivided 2-Lane","Good (PCI 85-100)"
"PAT-RD-0054","Station Road","Secondary / Connector Road","secondary","N/A","0.345","2","40","Undivided 2-Lane","Fair (PCI 70-84)"
"PAT-RD-0055","Station Road Flyover","Primary Arterial Road","primary","N/A","0.098","4","60","Divided Multi-Lane","Fair (PCI 70-84)"
"PAT-RD-0056","Buddha Marg","Secondary / Connector Road","secondary","N/A","0.547","2","40","Undivided 2-Lane","Fair (PCI 70-84)"
"PAT-RD-0057","Bailey Road","National Highway / Expressway","trunk","NH922","0.184","4","80","Divided Multi-Lane","Good (PCI 85-100)"
"PAT-RD-0058","Bailey Road","National Highway / Expressway","trunk","NH922","0.343","4","80","Divided Multi-Lane","Good (PCI 85-100)"
"PAT-RD-0059","Birchand Patel Path (Gardner Road)","National Highway / Expressway","trunk","NH922","0.753","4","80","Divided Multi-Lane","Good (PCI 85-100)"
"PAT-RD-0060","Birchand Patel Path (Gardner Road)","Primary Arterial Road","primary","N/A","0.742","4","60","Divided Multi-Lane","Fair (PCI 70-84)"
"PAT-RD-0061","Nala Road","Secondary / Connector Road","secondary","N/A","0.572","2","40","Undivided 2-Lane","Fair (PCI 70-84)"
"PAT-RD-0062","Urban Connector Road","Secondary / Connector Road","secondary","N/A","1.843","2","40","Undivided 2-Lane","Fair (PCI 70-84)"
"PAT-RD-0063","South Gandhi Maidan Marg","Secondary / Connector Road","secondary","N/A","0.649","2","40","Undivided 2-Lane","Good (PCI 85-100)"
"PAT-RD-0064","Fraser Road","Primary Arterial Road","primary","N/A","0.305","4","60","Divided Multi-Lane","Good (PCI 85-100)"
"PAT-RD-0065","West Gandhi Maidan Marg","Primary Arterial Road","primary","N/A","0.224","4","60","Divided Multi-Lane","Good (PCI 85-100)"
"PAT-RD-0066","Major City Arterial","Primary Arterial Road","primary","N/A","0.139","4","60","Divided Multi-Lane","Good (PCI 85-100)"
"PAT-RD-0067","West Boring Canal Road","Secondary / Connector Road","secondary","N/A","1.554","2","40","Undivided 2-Lane","Good (PCI 85-100)"
"PAT-RD-0068","Urban Connector Road","Secondary / Connector Road","secondary","N/A","0.198","2","40","Undivided 2-Lane","Good (PCI 85-100)"
"PAT-RD-0069","R Block Road Flyover","Primary Arterial Road","primary","N/A","0.438","4","60","Divided Multi-Lane","Good (PCI 85-100)"
"PAT-RD-0070","Major City Arterial","Primary Arterial Road","primary","N/A","0.118","4","60","Divided Multi-Lane","Fair (PCI 70-84)"
"PAT-RD-0071","Jaiprakash Roundabout","Primary Arterial Road","primary","N/A","0.19","4","60","Divided Multi-Lane","Good (PCI 85-100)"
"PAT-RD-0072","Major City Arterial","Primary Arterial Road","primary","N/A","0.036","4","60","Divided Multi-Lane","Good (PCI 85-100)"
"PAT-RD-0073","Major City Arterial","Primary Arterial Road","primary","N/A","0.331","4","60","Divided Multi-Lane","Good (PCI 85-100)"
"PAT-RD-0074","Urban Connector Road","Secondary / Connector Road","secondary","N/A","0.045","2","40","Undivided 2-Lane","Good (PCI 85-100)"
"PAT-RD-0075","Major City Arterial","Primary Arterial Road","primary","N/A","0.366","4","60","Divided Multi-Lane","Good (PCI 85-100)"
"PAT-RD-0076","Major City Arterial","Primary Arterial Road","primary","N/A","0.079","4","60","Divided Multi-Lane","Good (PCI 85-100)"
"PAT-RD-0077","Urban Connector Road","Secondary / Connector Road","secondary","N/A","0.06","2","40","Undivided 2-Lane","Good (PCI 85-100)"
"PAT-RD-0078","Fraser Road","Primary Arterial Road","primary","N/A","0.058","4","60","Divided Multi-Lane","Satisfactory (PCI 55-69)"
"PAT-RD-0079","Fraser Road","Primary Arterial Road","primary","N/A","0.034","4","60","Divided Multi-Lane","Satisfactory (PCI 55-69)"
"PAT-RD-0080","Fraser Road","Primary Arterial Road","primary","N/A","0.522","4","60","Divided Multi-Lane","Satisfactory (PCI 55-69)"
"PAT-RD-0081","Chiriya Taar overbridge","National Highway / Expressway","trunk","NH139","0.721","4","80","Divided Multi-Lane","Good (PCI 85-100)"
"PAT-RD-0082","Rajendra Nagar Flyover","Secondary / Connector Road","secondary","N/A","0.649","2","40","Undivided 2-Lane","Good (PCI 85-100)"
"PAT-RD-0083","Rajendra Nagar Flyover","Secondary / Connector Road","secondary","N/A","0.644","2","40","Undivided 2-Lane","Good (PCI 85-100)"
"PAT-RD-0084","Secondary Road (NH922)","Secondary / Connector Road","secondary","NH922","0.396","2","40","Undivided 2-Lane","Good (PCI 85-100)"
"PAT-RD-0085","Rajendra Nagar Flyover","Secondary / Connector Road","secondary","N/A","0.05","2","40","Undivided 2-Lane","Good (PCI 85-100)"
"PAT-RD-0086","Urban Connector Road","Secondary / Connector Road","secondary","N/A","0.178","2","40","Undivided 2-Lane","Good (PCI 85-100)"
"PAT-RD-0087","Ashok Raj Path","Primary Arterial Road","primary","N/A","2.951","4","60","Divided Multi-Lane","Satisfactory (PCI 55-69)"
"PAT-RD-0088","Major City Arterial","Primary Arterial Road","primary","N/A","0.025","4","60","Divided Multi-Lane","Satisfactory (PCI 55-69)"
"PAT-RD-0089","Chiriya Taar overbridge","National Highway / Expressway","trunk","NH139","0.202","4","80","Divided Multi-Lane","Fair (PCI 70-84)"
"PAT-RD-0090","Station Road Flyover","Primary Arterial Road","primary","N/A","0.174","4","60","Divided Multi-Lane","Fair (PCI 70-84)"
"PAT-RD-0091","Urban Connector Road","Secondary / Connector Road","secondary","N/A","0.137","2","40","Undivided 2-Lane","Good (PCI 85-100)"
"PAT-RD-0092","Dhanush Setu Flyover","Secondary / Connector Road","secondary","N/A","0.236","2","40","Undivided 2-Lane","Good (PCI 85-100)"
"PAT-RD-0093","Dhanush Setu","Secondary / Connector Road","secondary","N/A","0.128","2","40","Undivided 2-Lane","Good (PCI 85-100)"
"PAT-RD-0094","Major City Arterial","Primary Arterial Road","primary","N/A","1.119","4","60","Divided Multi-Lane","Good (PCI 85-100)"
"PAT-RD-0095","Rajbanshi Nagar Road","National Highway / Expressway","trunk_link","N/A","0.088","4","80","Divided Multi-Lane","Good (PCI 85-100)"
"PAT-RD-0096","Urban Connector Road","Secondary / Connector Road","secondary","N/A","0.417","2","40","Undivided 2-Lane","Good (PCI 85-100)"
"PAT-RD-0097","Major City Arterial","Primary Arterial Road","primary","N/A","0.326","4","60","Divided Multi-Lane","Fair (PCI 70-84)"
"PAT-RD-0098","NH Corridor (NH31)","National Highway / Expressway","trunk","NH31","5.989","4","80","Divided Multi-Lane","Good (PCI 85-100)"
"PAT-RD-0099","Chapra - Patna Highway","National Highway / Expressway","trunk","NH22;NH31","1.63","4","80","Divided Multi-Lane","Good (PCI 85-100)"
"PAT-RD-0100","NH Corridor (NH139)","National Highway / Expressway","trunk","NH139","1.933","4","80","Divided Multi-Lane","Good (PCI 85-100)"
"PAT-RD-0101","Urban Connector Road","Secondary / Connector Road","secondary","N/A","2.025","2","40","Undivided 2-Lane","Good (PCI 85-100)"
"PAT-RD-0102","Urban Connector Road","Secondary / Connector Road","secondary","N/A","0.618","2","40","Undivided 2-Lane","Good (PCI 85-100)"
"PAT-RD-0103","NH Corridor (NH922)","National Highway / Expressway","trunk","NH922","1.823","4","80","Divided Multi-Lane","Good (PCI 85-100)"
"PAT-RD-0104","NH Corridor (NH922)","National Highway / Expressway","trunk","NH922","0.379","4","80","Divided Multi-Lane","Good (PCI 85-100)"
"PAT-RD-0105","Urban Connector Road","Secondary / Connector Road","secondary","N/A","0.161","2","40","Undivided 2-Lane","Good (PCI 85-100)"
"PAT-RD-0106","Saidpur Marg","Secondary / Connector Road","secondary","N/A","0.33","2","40","Undivided 2-Lane","Good (PCI 85-100)"
"PAT-RD-0107","Dhanush Setu flyover","Secondary / Connector Road","secondary","N/A","0.264","2","40","Undivided 2-Lane","Fair (PCI 70-84)"
"PAT-RD-0108","Saidpur road","Secondary / Connector Road","secondary","N/A","0.515","2","40","Undivided 2-Lane","Satisfactory (PCI 55-69)"
"PAT-RD-0109","Urban Connector Road","Secondary / Connector Road","secondary","N/A","0.114","2","40","Undivided 2-Lane","Satisfactory (PCI 55-69)"
"PAT-RD-0110","Malahi Pakdi Road","Secondary / Connector Road","secondary","N/A","0.514","2","40","Undivided 2-Lane","Good (PCI 85-100)"
"PAT-RD-0111","Urban Connector Road","Secondary / Connector Road","secondary","N/A","0.772","2","40","Undivided 2-Lane","Good (PCI 85-100)"
"PAT-RD-0112","Flyover","National Highway / Expressway","trunk_link","N/A","0.512","4","80","Divided Multi-Lane","Fair (PCI 70-84)"
"PAT-RD-0113","Chitkohara Flyover","Primary Arterial Road","primary","N/A","0.383","4","60","Divided Multi-Lane","Satisfactory (PCI 55-69)"
"PAT-RD-0114","Major City Arterial","Primary Arterial Road","primary","N/A","1.654","4","60","Divided Multi-Lane","Good (PCI 85-100)"
"PAT-RD-0115","NH Corridor (NH22)","National Highway / Expressway","trunk","NH22","4.974","4","80","Divided Multi-Lane","Satisfactory (PCI 55-69)"
"PAT-RD-0116","Urban Connector Road","Secondary / Connector Road","secondary","N/A","0.652","2","40","Undivided 2-Lane","Good (PCI 85-100)"
"PAT-RD-0117","R Block Road Flyover","Primary Arterial Road","primary","N/A","0.196","4","60","Divided Multi-Lane","Fair (PCI 70-84)"
"PAT-RD-0118","Patna Bypass / Expressway Corridor","National Highway / Expressway","trunk","N/A","2.041","4","80","Divided Multi-Lane","Good (PCI 85-100)"
"PAT-RD-0119","Major City Arterial","Primary Arterial Road","primary","N/A","0.05","4","60","Divided Multi-Lane","Good (PCI 85-100)"
"PAT-RD-0120","East Gandhi Maidan Marg","Secondary / Connector Road","secondary","N/A","0.259","2","40","Undivided 2-Lane","Fair (PCI 70-84)"
"PAT-RD-0121","Urban Connector Road","Secondary / Connector Road","secondary","N/A","0.023","2","40","Undivided 2-Lane","Fair (PCI 70-84)"
"PAT-RD-0122","Neora Road","Primary Arterial Road","primary","N/A","0.732","4","60","Divided Multi-Lane","Good (PCI 85-100)"
"PAT-RD-0123","Dhanush Setu Flyover","Secondary / Connector Road","secondary","N/A","0.112","2","40","Undivided 2-Lane","Good (PCI 85-100)"
"PAT-RD-0124","Urban Connector Road","Secondary / Connector Road","secondary","N/A","0.058","2","40","Undivided 2-Lane","Good (PCI 85-100)"
"PAT-RD-0125","Bhattacharya Road","National Highway / Expressway","trunk","NH922","0.264","4","80","Divided Multi-Lane","Good (PCI 85-100)"
"PAT-RD-0126","Buddha Marg Flyover","Secondary / Connector Road","secondary","N/A","0.235","2","40","Undivided 2-Lane","Good (PCI 85-100)"
"PAT-RD-0127","NH Corridor (NH139)","National Highway / Expressway","trunk","NH139","0.805","4","80","Divided Multi-Lane","Good (PCI 85-100)"
"PAT-RD-0128","Chiriya Taar overbridge","National Highway / Expressway","trunk","NH139","0.538","4","80","Divided Multi-Lane","Good (PCI 85-100)"
"PAT-RD-0129","Chiriya Taar overbridge","Primary Arterial Road","primary","NH922","0.248","4","60","Divided Multi-Lane","Good (PCI 85-100)"
"PAT-RD-0130","Chiriya Taar overbridge","National Highway / Expressway","trunk","NH139","0.085","4","80","Divided Multi-Lane","Good (PCI 85-100)"
"PAT-RD-0131","Dhanush Setu Flyover","Secondary / Connector Road","secondary","N/A","0.051","2","40","Undivided 2-Lane","Good (PCI 85-100)"
"PAT-RD-0132","Kumhrar Road","National Highway / Expressway","trunk","NH139","1.639","4","80","Divided Multi-Lane","Good (PCI 85-100)"
"PAT-RD-0133","Dhanush Setu Flyover","Secondary / Connector Road","secondary","N/A","0.123","2","40","Undivided 2-Lane","Good (PCI 85-100)"
"PAT-RD-0134","Rajendra Nagar Flyover","Secondary / Connector Road","secondary","N/A","0.025","2","40","Undivided 2-Lane","Good (PCI 85-100)"
"PAT-RD-0135","Rajendra Nagar Flyover","Secondary / Connector Road","secondary","N/A","0.025","2","40","Undivided 2-Lane","Good (PCI 85-100)"
"PAT-RD-0136","Station Road","Secondary / Connector Road","secondary","N/A","0.211","2","40","Undivided 2-Lane","Good (PCI 85-100)"
"PAT-RD-0137","Station Road","Secondary / Connector Road","secondary","N/A","0.419","2","40","Undivided 2-Lane","Good (PCI 85-100)"
"PAT-RD-0138","Station Road Flyover","National Highway / Expressway","trunk","NH922","0.021","4","80","Divided Multi-Lane","Good (PCI 85-100)"
"PAT-RD-0139","Station Road","Secondary / Connector Road","secondary_link","N/A","0.029","2","40","Undivided 2-Lane","Good (PCI 85-100)"
"PAT-RD-0140","Station Road","Secondary / Connector Road","secondary","N/A","0.176","2","40","Undivided 2-Lane","Good (PCI 85-100)"
"PAT-RD-0141","Telephone Exchange Marg","Secondary / Connector Road","secondary","N/A","0.615","2","40","Undivided 2-Lane","Good (PCI 85-100)"
"PAT-RD-0142","Major City Arterial","Primary Arterial Road","primary","N/A","1.547","4","60","Divided Multi-Lane","Good (PCI 85-100)"
"PAT-RD-0143","Major City Arterial","Primary Arterial Road","primary","N/A","0.657","4","60","Divided Multi-Lane","Good (PCI 85-100)"
"PAT-RD-0144","Major City Arterial","Primary Arterial Road","primary","N/A","0.428","4","60","Divided Multi-Lane","Good (PCI 85-100)"
"PAT-RD-0145","R Block Road Flyover","Primary Arterial Road","primary","N/A","0.318","4","60","Divided Multi-Lane","Good (PCI 85-100)"
"PAT-RD-0146","Major City Arterial","Primary Arterial Road","primary","N/A","0.064","4","60","Divided Multi-Lane","Good (PCI 85-100)"
"PAT-RD-0147","Urban Connector Road","Secondary / Connector Road","secondary","N/A","0.41","2","40","Undivided 2-Lane","Good (PCI 85-100)"
"PAT-RD-0148","Flyover","National Highway / Expressway","trunk","NH139","0.175","4","80","Divided Multi-Lane","Good (PCI 85-100)"
"PAT-RD-0149","Chiriya Taar overbridge","National Highway / Expressway","trunk","NH139","0.115","4","80","Divided Multi-Lane","Fair (PCI 70-84)"
"PAT-RD-0150","Urban Connector Road","Secondary / Connector Road","secondary","N/A","0.342","2","40","Undivided 2-Lane","Fair (PCI 70-84)"
"PAT-RD-0151","Fraser Road (Mazrul Haque Path)","Secondary / Connector Road","secondary","N/A","0.193","2","40","Undivided 2-Lane","Satisfactory (PCI 55-69)"
"PAT-RD-0152","NH Corridor (NH139)","National Highway / Expressway","trunk","NH139","0.083","4","80","Divided Multi-Lane","Satisfactory (PCI 55-69)"
"PAT-RD-0153","NH Corridor (NH139)","National Highway / Expressway","trunk","NH139","3.383","4","80","Divided Multi-Lane","Satisfactory (PCI 55-69)"
"PAT-RD-0154","NH Corridor (NH139)","National Highway / Expressway","trunk","NH139","0.728","4","80","Divided Multi-Lane","Satisfactory (PCI 55-69)"
"PAT-RD-0155","NH Corridor (NH139)","National Highway / Expressway","trunk","NH139","0.461","4","80","Divided Multi-Lane","Satisfactory (PCI 55-69)"
"PAT-RD-0156","R Block Road Flyover","Primary Arterial Road","primary","N/A","0.279","4","60","Divided Multi-Lane","Satisfactory (PCI 55-69)"
"PAT-RD-0157","Chitkohra Golumbar","National Highway / Expressway","trunk","NH139","0.083","4","80","Divided Multi-Lane","Good (PCI 85-100)"
"PAT-RD-0158","NH Corridor (NH139)","National Highway / Expressway","trunk","NH139","2.131","4","80","Divided Multi-Lane","Good (PCI 85-100)"
"PAT-RD-0159","Flyover","National Highway / Expressway","trunk","NH139","0.232","4","80","Divided Multi-Lane","Good (PCI 85-100)"
"PAT-RD-0160","Urban Connector Road","Secondary / Connector Road","secondary","N/A","0.08","2","40","Undivided 2-Lane","Good (PCI 85-100)"
"PAT-RD-0161","Major City Arterial","Primary Arterial Road","primary","N/A","0.057","4","60","Divided Multi-Lane","Good (PCI 85-100)"
"PAT-RD-0162","NH Corridor (NH139)","National Highway / Expressway","trunk","NH139","0.725","4","80","Divided Multi-Lane","Good (PCI 85-100)"
"PAT-RD-0163","NH Corridor (NH139)","National Highway / Expressway","trunk","NH139","0.19","4","80","Divided Multi-Lane","Good (PCI 85-100)"
"PAT-RD-0164","Station Road Flyover","Primary Arterial Road","primary","N/A","0.725","4","60","Divided Multi-Lane","Good (PCI 85-100)"
"PAT-RD-0165","Station Road Flyover","Primary Arterial Road","primary","N/A","0.78","4","60","Divided Multi-Lane","Good (PCI 85-100)"
"PAT-RD-0166","Station Road","Secondary / Connector Road","secondary","N/A","0.394","2","40","Undivided 2-Lane","Good (PCI 85-100)"
"PAT-RD-0167","Flyover","National Highway / Expressway","trunk_link","N/A","0.655","4","80","Divided Multi-Lane","Good (PCI 85-100)"
"PAT-RD-0168","Bailey Road","National Highway / Expressway","trunk","NH922","0.288","4","80","Divided Multi-Lane","Satisfactory (PCI 55-69)"
"PAT-RD-0169","Urban Connector Road","Secondary / Connector Road","secondary","N/A","0.696","2","40","Undivided 2-Lane","Good (PCI 85-100)"
"PAT-RD-0170","Chitkohara Flyover","Primary Arterial Road","primary","N/A","0.097","4","60","Divided Multi-Lane","Good (PCI 85-100)"
"PAT-RD-0171","Major City Arterial","Primary Arterial Road","primary","N/A","0.043","4","60","Divided Multi-Lane","Good (PCI 85-100)"
"PAT-RD-0172","Major City Arterial","Primary Arterial Road","primary","N/A","0.059","4","60","Divided Multi-Lane","Good (PCI 85-100)"
"PAT-RD-0173","Major City Arterial","Primary Arterial Road","primary","N/A","0.066","4","60","Divided Multi-Lane","Good (PCI 85-100)"
"PAT-RD-0174","NH Corridor (NH922)","National Highway / Expressway","trunk","NH922","0.554","4","80","Divided Multi-Lane","Satisfactory (PCI 55-69)"
"PAT-RD-0175","NH Corridor (NH922)","National Highway / Expressway","trunk","NH922","0.044","4","80","Divided Multi-Lane","Satisfactory (PCI 55-69)"
"PAT-RD-0176","Rajendra Nagar Flyover","Secondary / Connector Road","secondary","N/A","0.056","2","40","Undivided 2-Lane","Fair (PCI 70-84)"
"PAT-RD-0177","Sudarshan Path","Secondary / Connector Road","secondary","N/A","2.883","2","40","Undivided 2-Lane","Good (PCI 85-100)"
"PAT-RD-0178","Major City Arterial","Primary Arterial Road","primary","N/A","0.205","4","60","Divided Multi-Lane","Good (PCI 85-100)"
"PAT-RD-0179","Flyover","Primary Arterial Road","primary","N/A","0.613","4","60","Divided Multi-Lane","Good (PCI 85-100)"
"PAT-RD-0180","Kumhrar Road","National Highway / Expressway","trunk","NH139","0.194","4","80","Divided Multi-Lane","Satisfactory (PCI 55-69)"
"PAT-RD-0181","Ashok Raj Path","Primary Arterial Road","primary","N/A","6.376","4","60","Divided Multi-Lane","Good (PCI 85-100)"
"PAT-RD-0182","Urban Connector Road","Secondary / Connector Road","secondary","N/A","1.087","2","40","Undivided 2-Lane","Good (PCI 85-100)"
"PAT-RD-0183","Chowk Shikarpur Flyover","Secondary / Connector Road","secondary","N/A","0.7","2","40","Undivided 2-Lane","Good (PCI 85-100)"
"PAT-RD-0184","Kumhrar Road","National Highway / Expressway","trunk","NH139","0.337","4","80","Divided Multi-Lane","Satisfactory (PCI 55-69)"
"PAT-RD-0185","Urban Connector Road","Secondary / Connector Road","secondary","N/A","0.097","2","40","Undivided 2-Lane","Satisfactory (PCI 55-69)"
"PAT-RD-0186","NH Corridor (NH139)","National Highway / Expressway","trunk","NH139","0.331","4","80","Divided Multi-Lane","Satisfactory (PCI 55-69)"
"PAT-RD-0187","Kumhrar Road","National Highway / Expressway","trunk","NH139","1.319","4","80","Divided Multi-Lane","Satisfactory (PCI 55-69)"
"PAT-RD-0188","NH Corridor (NH31)","National Highway / Expressway","trunk","NH31","0.023","4","80","Divided Multi-Lane","Good (PCI 85-100)"
"PAT-RD-0189","Flyover","National Highway / Expressway","trunk","N/A","0.082","4","80","Divided Multi-Lane","Good (PCI 85-100)"
"PAT-RD-0190","Flyover","National Highway / Expressway","trunk","N/A","0.027","4","80","Divided Multi-Lane","Good (PCI 85-100)"
"PAT-RD-0191","NH Corridor (NH922)","National Highway / Expressway","trunk","NH922","0.095","4","80","Divided Multi-Lane","Fair (PCI 70-84)"
"PAT-RD-0192","NH Corridor (NH922)","National Highway / Expressway","trunk","NH922","0.045","4","80","Divided Multi-Lane","Fair (PCI 70-84)"
"PAT-RD-0193","Urban Connector Road","Secondary / Connector Road","secondary","N/A","0.051","2","40","Undivided 2-Lane","Fair (PCI 70-84)"
"PAT-RD-0194","chiraiyantand flyover road","Secondary / Connector Road","secondary","N/A","0.187","2","40","Undivided 2-Lane","Good (PCI 85-100)"
"PAT-RD-0195","Dak Bunglow Road","National Highway / Expressway","trunk","NH922","0.448","4","80","Divided Multi-Lane","Good (PCI 85-100)"
"PAT-RD-0196","Dhanush Setu Flyover","Secondary / Connector Road","secondary","N/A","0.369","2","40","Undivided 2-Lane","Good (PCI 85-100)"
"PAT-RD-0197","Kumhrar Road","National Highway / Expressway","trunk","NH139","0.053","4","80","Divided Multi-Lane","Good (PCI 85-100)"
"PAT-RD-0198","Urban Connector Road","Secondary / Connector Road","secondary","N/A","1.042","2","40","Undivided 2-Lane","Fair (PCI 70-84)"
"PAT-RD-0199","Urban Connector Road","Secondary / Connector Road","secondary_link","N/A","0.023","2","40","Undivided 2-Lane","Good (PCI 85-100)"
"PAT-RD-0200","Major City Arterial","Primary Arterial Road","primary","N/A","1.856","4","60","Divided Multi-Lane","Fair (PCI 70-84)"
"PAT-RD-0201","NH Corridor (NH22)","National Highway / Expressway","trunk","NH22","0.311","4","80","Divided Multi-Lane","Fair (PCI 70-84)"
"PAT-RD-0202","Flyover","Primary Arterial Road","primary","N/A","0.357","4","60","Divided Multi-Lane","Fair (PCI 70-84)"
"PAT-RD-0203","Exhibition Road","Secondary / Connector Road","secondary","N/A","0.285","2","40","Undivided 2-Lane","Good (PCI 85-100)"
"PAT-RD-0204","Urban Connector Road","Secondary / Connector Road","secondary","N/A","0.232","2","40","Undivided 2-Lane","Good (PCI 85-100)"
"PAT-RD-0205","Kumrahar Flyover","Secondary / Connector Road","secondary","N/A","0.65","2","40","Undivided 2-Lane","Good (PCI 85-100)"
"PAT-RD-0206","Major City Arterial","Primary Arterial Road","primary","N/A","0.058","4","60","Divided Multi-Lane","Good (PCI 85-100)"
"PAT-RD-0207","Urban Connector Road","Secondary / Connector Road","secondary","N/A","1.011","2","40","Undivided 2-Lane","Good (PCI 85-100)"
"PAT-RD-0208","Secondary Road (MDR)","Secondary / Connector Road","secondary","MDR","4.447","2","40","Undivided 2-Lane","Satisfactory (PCI 55-69)"
"PAT-RD-0209","Ashok Rajpath","Primary Arterial Road","primary","N/A","0.477","4","60","Divided Multi-Lane","Good (PCI 85-100)"
"PAT-RD-0210","Ashok Rajpath","Primary Arterial Road","primary","N/A","0.021","4","60","Divided Multi-Lane","Good (PCI 85-100)"
"PAT-RD-0211","AIIMS - DIGHA Service road","Secondary / Connector Road","secondary","N/A","3.321","2","40","Undivided 2-Lane","Good (PCI 85-100)"
"PAT-RD-0212","Malahi Pakdi Road","Secondary / Connector Road","secondary","N/A","0.494","2","40","Undivided 2-Lane","Fair (PCI 70-84)"
"PAT-RD-0213","Urban Connector Road","Secondary / Connector Road","secondary","N/A","0.492","2","40","Undivided 2-Lane","Fair (PCI 70-84)"
"PAT-RD-0214","Urban Connector Road","Secondary / Connector Road","secondary","N/A","0.164","2","40","Undivided 2-Lane","Satisfactory (PCI 55-69)"
"PAT-RD-0215","Urban Connector Road","Secondary / Connector Road","secondary","N/A","0.021","2","40","Undivided 2-Lane","Satisfactory (PCI 55-69)"
"PAT-RD-0216","Malahi Pakdi Road","Secondary / Connector Road","secondary","N/A","0.162","2","40","Undivided 2-Lane","Satisfactory (PCI 55-69)"
"PAT-RD-0217","NH Corridor (NH922)","National Highway / Expressway","trunk","NH922","0.447","4","80","Divided Multi-Lane","Good (PCI 85-100)"
"PAT-RD-0218","Bailey Road","National Highway / Expressway","trunk","NH922","0.924","4","80","Divided Multi-Lane","Good (PCI 85-100)"
"PAT-RD-0219","Major City Arterial","Primary Arterial Road","primary","N/A","1.132","4","60","Divided Multi-Lane","Satisfactory (PCI 55-69)"
"PAT-RD-0220","Urban Connector Road","Secondary / Connector Road","secondary","N/A","0.35","2","40","Undivided 2-Lane","Fair (PCI 70-84)"
"PAT-RD-0221","East Boring Canal Road","Secondary / Connector Road","secondary","N/A","0.099","2","40","Undivided 2-Lane","Good (PCI 85-100)"
"PAT-RD-0222","NH Corridor (NH922)","National Highway / Expressway","trunk","NH922","0.16","4","80","Divided Multi-Lane","Good (PCI 85-100)"
"PAT-RD-0223","Patna Bypass / Expressway Corridor","National Highway / Expressway","trunk","N/A","0.347","4","80","Divided Multi-Lane","Good (PCI 85-100)"
"PAT-RD-0224","Patna Bypass / Expressway Corridor","National Highway / Expressway","trunk_link","N/A","0.035","4","80","Divided Multi-Lane","Good (PCI 85-100)"
"PAT-RD-0225","Patna Bypass / Expressway Corridor","National Highway / Expressway","trunk_link","N/A","0.041","4","80","Divided Multi-Lane","Good (PCI 85-100)"
"PAT-RD-0226","NH Corridor (NH22;NH31)","National Highway / Expressway","trunk","NH22;NH31","0.028","4","80","Divided Multi-Lane","Good (PCI 85-100)"
"PAT-RD-0227","NH Corridor (NH22)","National Highway / Expressway","trunk","NH22","0.288","4","80","Divided Multi-Lane","Good (PCI 85-100)"
"PAT-RD-0228","NH Corridor (NH22)","National Highway / Expressway","trunk","NH22","0.304","4","80","Divided Multi-Lane","Good (PCI 85-100)"
"PAT-RD-0229","NH Corridor (NH22)","National Highway / Expressway","trunk","NH22","0.201","4","80","Divided Multi-Lane","Good (PCI 85-100)"
"PAT-RD-0230","NH Corridor (NH31)","National Highway / Expressway","trunk","NH31","3.006","4","80","Divided Multi-Lane","Good (PCI 85-100)"
"PAT-RD-0231","Flyover","National Highway / Expressway","trunk","N/A","0.028","4","80","Divided Multi-Lane","Good (PCI 85-100)"
"PAT-RD-0232","Flyover","National Highway / Expressway","trunk","N/A","0.079","4","80","Divided Multi-Lane","Good (PCI 85-100)"
"PAT-RD-0233","Flyover","National Highway / Expressway","trunk","N/A","0.035","4","80","Divided Multi-Lane","Good (PCI 85-100)"
"PAT-RD-0234","Flyover","National Highway / Expressway","trunk","N/A","0.385","4","80","Divided Multi-Lane","Good (PCI 85-100)"
"PAT-RD-0235","NH Corridor (NH22)","National Highway / Expressway","trunk","NH22","0.521","4","80","Divided Multi-Lane","Good (PCI 85-100)"
"PAT-RD-0236","NH Corridor (NH22)","National Highway / Expressway","trunk","NH22","0.663","4","80","Divided Multi-Lane","Good (PCI 85-100)"
"PAT-RD-0237","Flyover","National Highway / Expressway","trunk","N/A","0.344","4","80","Divided Multi-Lane","Good (PCI 85-100)"
"PAT-RD-0238","NH Corridor (NH22)","National Highway / Expressway","trunk","NH22","0.78","4","80","Divided Multi-Lane","Good (PCI 85-100)"
"PAT-RD-0239","NH Corridor (NH22)","National Highway / Expressway","trunk","NH22","0.767","4","80","Divided Multi-Lane","Good (PCI 85-100)"
"PAT-RD-0240","NH Corridor (NH22)","National Highway / Expressway","trunk","NH22","0.033","4","80","Divided Multi-Lane","Good (PCI 85-100)"
"PAT-RD-0241","NH Corridor (NH22)","National Highway / Expressway","trunk","NH22","0.545","4","80","Divided Multi-Lane","Good (PCI 85-100)"
"PAT-RD-0242","NH Corridor (NH22)","National Highway / Expressway","trunk","NH22","0.53","4","80","Divided Multi-Lane","Good (PCI 85-100)"
"PAT-RD-0243","NH Corridor (NH22)","National Highway / Expressway","trunk","NH22","0.94","4","80","Divided Multi-Lane","Good (PCI 85-100)"
"PAT-RD-0244","Urban Connector Road","Secondary / Connector Road","secondary","N/A","0.988","2","40","Undivided 2-Lane","Fair (PCI 70-84)"
"PAT-RD-0245","R Block Road Flyover","Primary Arterial Road","primary","N/A","0.319","4","60","Divided Multi-Lane","Good (PCI 85-100)"
"PAT-RD-0246","Urban Connector Road","Secondary / Connector Road","secondary","N/A","0.761","2","40","Undivided 2-Lane","Good (PCI 85-100)"
"PAT-RD-0247","Chiraiyatand Flyover","Secondary / Connector Road","secondary","N/A","0.031","2","40","Undivided 2-Lane","Good (PCI 85-100)"
"PAT-RD-0248","Chiraiyatand Flyover","Secondary / Connector Road","secondary","N/A","0.248","2","40","Undivided 2-Lane","Good (PCI 85-100)"
"PAT-RD-0249","Kumhrar Road","National Highway / Expressway","trunk","NH139","0.046","4","80","Divided Multi-Lane","Fair (PCI 70-84)"
"PAT-RD-0250","Kumhrar Road","National Highway / Expressway","trunk","NH139","0.36","4","80","Divided Multi-Lane","Fair (PCI 70-84)"
"PAT-RD-0251","Kumhrar Road","National Highway / Expressway","trunk","NH139","0.578","4","80","Divided Multi-Lane","Fair (PCI 70-84)"
"PAT-RD-0252","Kumhrar Road","National Highway / Expressway","trunk","NH139","0.649","4","80","Divided Multi-Lane","Fair (PCI 70-84)"
"PAT-RD-0253","Neora Road","Primary Arterial Road","primary","N/A","0.035","4","60","Divided Multi-Lane","Fair (PCI 70-84)"
"PAT-RD-0254","Neora Road","Primary Arterial Road","primary","N/A","0.053","4","60","Divided Multi-Lane","Fair (PCI 70-84)"
"PAT-RD-0255","Neora Road","Primary Arterial Road","primary","N/A","0.041","4","60","Divided Multi-Lane","Fair (PCI 70-84)"
"PAT-RD-0256","Major City Arterial","Primary Arterial Road","primary","N/A","0.104","4","60","Divided Multi-Lane","Fair (PCI 70-84)"
"PAT-RD-0257","Major City Arterial","Primary Arterial Road","primary","N/A","0.046","4","60","Divided Multi-Lane","Fair (PCI 70-84)"
"PAT-RD-0258","Neora Road","Primary Arterial Road","primary","N/A","0.749","4","60","Divided Multi-Lane","Fair (PCI 70-84)"
"PAT-RD-0259","Neora Road","Primary Arterial Road","primary","NH922","0.482","4","60","Divided Multi-Lane","Fair (PCI 70-84)"
"PAT-RD-0260","Neora Road","Primary Arterial Road","primary","N/A","0.078","4","60","Divided Multi-Lane","Fair (PCI 70-84)"
"PAT-RD-0261","NH Corridor (NH139)","National Highway / Expressway","trunk","NH139","3.443","4","80","Divided Multi-Lane","Satisfactory (PCI 55-69)"
"PAT-RD-0262","Major City Arterial","Primary Arterial Road","primary","N/A","0.56","4","60","Divided Multi-Lane","Satisfactory (PCI 55-69)"
"PAT-RD-0263","Patna Bypass / Expressway Corridor","National Highway / Expressway","trunk","N/A","2.015","4","80","Divided Multi-Lane","Satisfactory (PCI 55-69)"
"PAT-RD-0264","Urban Connector Road","Secondary / Connector Road","secondary_link","N/A","0.024","2","40","Undivided 2-Lane","Fair (PCI 70-84)"
"PAT-RD-0265","Urban Connector Road","Secondary / Connector Road","secondary_link","N/A","0.024","2","40","Undivided 2-Lane","Fair (PCI 70-84)"
"PAT-RD-0266","Ashok Rajpath","Primary Arterial Road","primary","N/A","0.719","4","60","Divided Multi-Lane","Good (PCI 85-100)"
"PAT-RD-0267","Ashok Rajpath","Primary Arterial Road","primary","N/A","0.573","4","60","Divided Multi-Lane","Good (PCI 85-100)"
"PAT-RD-0268","Bailey Road","National Highway / Expressway","trunk","NH922","1.826","4","80","Divided Multi-Lane","Satisfactory (PCI 55-69)"
"PAT-RD-0269","NH Corridor (NH922)","National Highway / Expressway","trunk","NH922","0.677","4","80","Divided Multi-Lane","Good (PCI 85-100)"
"PAT-RD-0270","Fraser Road","Primary Arterial Road","primary","N/A","0.532","4","60","Divided Multi-Lane","Fair (PCI 70-84)"
"PAT-RD-0271","Major City Arterial","Primary Arterial Road","primary","N/A","0.093","4","60","Divided Multi-Lane","Good (PCI 85-100)"
"PAT-RD-0272","Urban Connector Road","Secondary / Connector Road","secondary","N/A","0.144","2","40","Undivided 2-Lane","Good (PCI 85-100)"
"PAT-RD-0273","R Block Road Flyover","Primary Arterial Road","primary","N/A","0.452","4","60","Divided Multi-Lane","Good (PCI 85-100)"
"PAT-RD-0274","R Block Road Flyover","Primary Arterial Road","primary","N/A","0.441","4","60","Divided Multi-Lane","Good (PCI 85-100)"
"PAT-RD-0275","Urban Connector Road","Secondary / Connector Road","secondary","N/A","0.201","2","40","Undivided 2-Lane","Good (PCI 85-100)"
"PAT-RD-0276","Birchand Patel Path Flyover (Gardner Road Flyover)","Primary Arterial Road","primary","N/A","0.448","4","60","Divided Multi-Lane","Good (PCI 85-100)"
"PAT-RD-0277","Urban Connector Road","Secondary / Connector Road","secondary","N/A","0.201","2","40","Undivided 2-Lane","Good (PCI 85-100)"
"PAT-RD-0278","Urban Connector Road","Secondary / Connector Road","secondary","N/A","0.193","2","40","Undivided 2-Lane","Good (PCI 85-100)"
"PAT-RD-0279","Atal Path","Primary Arterial Road","primary","N/A","0.735","4","60","Divided Multi-Lane","Good (PCI 85-100)"
"PAT-RD-0280","Birchand Patel Path Flyover (Gardner Road Flyover)","Primary Arterial Road","primary","N/A","0.447","4","60","Divided Multi-Lane","Good (PCI 85-100)"
"PAT-RD-0281","Urban Connector Road","Secondary / Connector Road","secondary","N/A","0.337","2","40","Undivided 2-Lane","Good (PCI 85-100)"
"PAT-RD-0282","Urban Connector Road","Secondary / Connector Road","secondary","N/A","0.381","2","40","Undivided 2-Lane","Good (PCI 85-100)"
"PAT-RD-0283","R Block Road Flyover","Primary Arterial Road","primary","N/A","0.124","4","60","Divided Multi-Lane","Good (PCI 85-100)"
"PAT-RD-0284","Urban Connector Road","Secondary / Connector Road","secondary","N/A","2.839","2","40","Undivided 2-Lane","Good (PCI 85-100)"
"PAT-RD-0285","Bailey Road Flyover","National Highway / Expressway","trunk","NH922","0.197","4","80","Divided Multi-Lane","Good (PCI 85-100)"
"PAT-RD-0286","Bailey Road Flyover","National Highway / Expressway","trunk","NH922","2.347","4","80","Divided Multi-Lane","Good (PCI 85-100)"
"PAT-RD-0287","Bailey Road Flyover","National Highway / Expressway","trunk","NH922","0.163","4","80","Divided Multi-Lane","Fair (PCI 70-84)"
"PAT-RD-0288","Bailey Road Flyover","National Highway / Expressway","trunk","NH922","2.346","4","80","Divided Multi-Lane","Fair (PCI 70-84)"
"PAT-RD-0289","Bailey Road Flyover","National Highway / Expressway","trunk","NH922","0.161","4","80","Divided Multi-Lane","Fair (PCI 70-84)"
"PAT-RD-0290","Patna Bypass / Expressway Corridor","National Highway / Expressway","trunk_link","N/A","0.167","4","80","Divided Multi-Lane","Fair (PCI 70-84)"
"PAT-RD-0291","Patna Bypass / Expressway Corridor","National Highway / Expressway","trunk_link","N/A","0.162","4","80","Divided Multi-Lane","Fair (PCI 70-84)"
"PAT-RD-0292","Bailey Road Flyover","National Highway / Expressway","trunk","NH922","0.199","4","80","Divided Multi-Lane","Fair (PCI 70-84)"
"PAT-RD-0293","NH Corridor (NH22)","National Highway / Expressway","trunk","NH22","0.363","4","80","Divided Multi-Lane","Good (PCI 85-100)"
"PAT-RD-0294","Flyover","National Highway / Expressway","trunk","N/A","0.296","4","80","Divided Multi-Lane","Good (PCI 85-100)"
"PAT-RD-0295","Flyover","National Highway / Expressway","trunk","N/A","0.277","4","80","Divided Multi-Lane","Good (PCI 85-100)"
"PAT-RD-0296","NH Corridor (NH31)","National Highway / Expressway","trunk","NH31","0.342","4","80","Divided Multi-Lane","Good (PCI 85-100)"
"PAT-RD-0297","Kankarbagh Main Road","National Highway / Expressway","trunk","NH139","0.686","4","80","Divided Multi-Lane","Good (PCI 85-100)"
"PAT-RD-0298","Chiriya Taar overbridge","Primary Arterial Road","primary","NH922","0.03","4","60","Divided Multi-Lane","Good (PCI 85-100)"
"PAT-RD-0299","Chiriya Taar overbridge","Primary Arterial Road","primary","NH922","0.069","4","60","Divided Multi-Lane","Good (PCI 85-100)"
"PAT-RD-0300","Rajendra Path","National Highway / Expressway","trunk","NH922","0.202","4","80","Divided Multi-Lane","Good (PCI 85-100)"
"PAT-RD-0301","Chiriya Taar overbridge","Primary Arterial Road","primary","NH922","0.041","4","60","Divided Multi-Lane","Good (PCI 85-100)"
"PAT-RD-0302","Urban Connector Road","Secondary / Connector Road","secondary","N/A","0.227","2","40","Undivided 2-Lane","Good (PCI 85-100)"
"PAT-RD-0303","Chiriya Taar overbridge","Primary Arterial Road","primary","NH922","0.107","4","60","Divided Multi-Lane","Good (PCI 85-100)"
"PAT-RD-0304","NH Corridor (NH922)","National Highway / Expressway","trunk","NH922","2.098","4","80","Divided Multi-Lane","Good (PCI 85-100)"
"PAT-RD-0305","Secondary Road (MDR)","Secondary / Connector Road","secondary","MDR","0.064","2","40","Undivided 2-Lane","Good (PCI 85-100)"
"PAT-RD-0306","NH Corridor (NH31)","National Highway / Expressway","trunk","NH31","0.362","4","80","Divided Multi-Lane","Good (PCI 85-100)"
"PAT-RD-0307","Patna Bypass / Expressway Corridor","National Highway / Expressway","trunk","N/A","0.504","4","80","Divided Multi-Lane","Good (PCI 85-100)"
"PAT-RD-0308","Patna Bypass / Expressway Corridor","National Highway / Expressway","trunk","N/A","0.105","4","80","Divided Multi-Lane","Good (PCI 85-100)"
"PAT-RD-0309","NH Corridor (NH22)","National Highway / Expressway","trunk","NH22","0.037","4","80","Divided Multi-Lane","Good (PCI 85-100)"
"PAT-RD-0310","Urban Connector Road","Secondary / Connector Road","secondary","N/A","0.021","2","40","Undivided 2-Lane","Fair (PCI 70-84)"
"PAT-RD-0311","Urban Connector Road","Secondary / Connector Road","secondary","N/A","0.276","2","40","Undivided 2-Lane","Fair (PCI 70-84)"
"PAT-RD-0312","Urban Connector Road","Secondary / Connector Road","secondary","N/A","0.021","2","40","Undivided 2-Lane","Fair (PCI 70-84)"
"PAT-RD-0313","Urban Connector Road","Secondary / Connector Road","secondary","N/A","0.269","2","40","Undivided 2-Lane","Fair (PCI 70-84)"
"PAT-RD-0314","Urban Connector Road","Secondary / Connector Road","secondary","N/A","1.845","2","40","Undivided 2-Lane","Good (PCI 85-100)"
"PAT-RD-0315","Serpentine Road Flyover","Secondary / Connector Road","secondary","N/A","0.524","2","40","Undivided 2-Lane","Good (PCI 85-100)"
"PAT-RD-0316","Urban Connector Road","Secondary / Connector Road","secondary","N/A","0.616","2","40","Undivided 2-Lane","Good (PCI 85-100)"
"PAT-RD-0317","GauriyaMath Flyover","Secondary / Connector Road","secondary","N/A","0.045","2","40","Undivided 2-Lane","Good (PCI 85-100)"
"PAT-RD-0318","Urban Connector Road","Secondary / Connector Road","secondary","N/A","0.057","2","40","Undivided 2-Lane","Good (PCI 85-100)"
"PAT-RD-0319","Urban Connector Road","Secondary / Connector Road","secondary","N/A","0.098","2","40","Undivided 2-Lane","Good (PCI 85-100)"
"PAT-RD-0320","Urban Connector Road","Secondary / Connector Road","secondary","N/A","1.337","2","40","Undivided 2-Lane","Good (PCI 85-100)"
"PAT-RD-0321","Urban Connector Road","Secondary / Connector Road","secondary","N/A","0.721","2","40","Undivided 2-Lane","Good (PCI 85-100)"
"PAT-RD-0322","Ashok Rajpath","Primary Arterial Road","primary","N/A","0.03","4","60","Divided Multi-Lane","Fair (PCI 70-84)"
"PAT-RD-0323","Urban Connector Road","Secondary / Connector Road","secondary_link","N/A","0.024","2","40","Undivided 2-Lane","Satisfactory (PCI 55-69)"
"PAT-RD-0324","Flyover","Secondary / Connector Road","secondary","N/A","0.07","2","40","Undivided 2-Lane","Good (PCI 85-100)"
"PAT-RD-0325","Urban Connector Road","Secondary / Connector Road","secondary","N/A","0.098","2","40","Undivided 2-Lane","Good (PCI 85-100)"
"PAT-RD-0326","Urban Connector Road","Secondary / Connector Road","secondary","N/A","0.03","2","40","Undivided 2-Lane","Good (PCI 85-100)"
"PAT-RD-0327","Urban Connector Road","Secondary / Connector Road","secondary","N/A","0.393","2","40","Undivided 2-Lane","Good (PCI 85-100)"
"PAT-RD-0328","Urban Connector Road","Secondary / Connector Road","secondary","N/A","0.396","2","40","Undivided 2-Lane","Good (PCI 85-100)"
"PAT-RD-0329","Patna Bypass / Expressway Corridor","National Highway / Expressway","trunk_link","N/A","0.028","4","80","Divided Multi-Lane","Good (PCI 85-100)"
"PAT-RD-0330","Patna Bypass / Expressway Corridor","National Highway / Expressway","trunk_link","N/A","0.021","4","80","Divided Multi-Lane","Good (PCI 85-100)"
"PAT-RD-0331","Kumhrar Road","National Highway / Expressway","trunk","NH139","0.026","4","80","Divided Multi-Lane","Good (PCI 85-100)"
"PAT-RD-0332","Major City Arterial","Primary Arterial Road","primary","N/A","1.11","4","60","Divided Multi-Lane","Good (PCI 85-100)"
"PAT-RD-0333","Patna Bypass / Expressway Corridor","National Highway / Expressway","trunk_link","N/A","0.039","4","80","Divided Multi-Lane","Good (PCI 85-100)"
"PAT-RD-0334","Patna Bypass / Expressway Corridor","National Highway / Expressway","trunk_link","N/A","0.035","4","80","Divided Multi-Lane","Good (PCI 85-100)"
"PAT-RD-0335","Flyover","Primary Arterial Road","primary","N/A","0.046","4","60","Divided Multi-Lane","Fair (PCI 70-84)"
"PAT-RD-0336","Major City Arterial","Primary Arterial Road","primary","N/A","0.206","4","60","Divided Multi-Lane","Fair (PCI 70-84)"
"PAT-RD-0337","Kumhrar Road","National Highway / Expressway","trunk","NH139","0.059","4","80","Divided Multi-Lane","Fair (PCI 70-84)"
"PAT-RD-0338","Kumhrar Road","National Highway / Expressway","trunk","NH139","0.057","4","80","Divided Multi-Lane","Fair (PCI 70-84)"
"PAT-RD-0339","Kumhrar Road","National Highway / Expressway","trunk","NH139","0.196","4","80","Divided Multi-Lane","Fair (PCI 70-84)"
"PAT-RD-0340","Urban Connector Road","Secondary / Connector Road","secondary","N/A","0.188","2","40","Undivided 2-Lane","Fair (PCI 70-84)"
"PAT-RD-0341","Chiriya Taar overbridge","Primary Arterial Road","primary","NH922","0.045","4","60","Divided Multi-Lane","Good (PCI 85-100)"
"PAT-RD-0342","Chiriya Taar overbridge","Primary Arterial Road","primary","NH922","0.133","4","60","Divided Multi-Lane","Good (PCI 85-100)"
"PAT-RD-0343","Station Road Flyover","Primary Arterial Road","primary_link","N/A","0.094","4","60","Divided Multi-Lane","Good (PCI 85-100)"
"PAT-RD-0344","Urban Connector Road","Secondary / Connector Road","secondary","N/A","0.183","2","40","Undivided 2-Lane","Good (PCI 85-100)"
"PAT-RD-0345","Major City Arterial","Primary Arterial Road","primary","N/A","0.103","4","60","Divided Multi-Lane","Good (PCI 85-100)"
"PAT-RD-0346","Major City Arterial","Primary Arterial Road","primary","N/A","0.406","4","60","Divided Multi-Lane","Good (PCI 85-100)"
"PAT-RD-0347","Ashok Rajpath","Primary Arterial Road","primary","N/A","0.024","4","60","Divided Multi-Lane","Good (PCI 85-100)"
"PAT-RD-0348","Ashok Rajpath","Primary Arterial Road","primary","N/A","0.38","4","60","Divided Multi-Lane","Good (PCI 85-100)"
"PAT-RD-0349","Urban Connector Road","Secondary / Connector Road","secondary","N/A","0.662","2","40","Undivided 2-Lane","Good (PCI 85-100)"
"PAT-RD-0350","Ashok Rajpath","Primary Arterial Road","primary","N/A","0.022","4","60","Divided Multi-Lane","Good (PCI 85-100)"
"PAT-RD-0351","Major City Arterial","Primary Arterial Road","primary","N/A","1.616","4","60","Divided Multi-Lane","Good (PCI 85-100)"
"PAT-RD-0352","Ashok Rajpath","Primary Arterial Road","primary","N/A","0.444","4","60","Divided Multi-Lane","Good (PCI 85-100)"
"PAT-RD-0353","Ashok Rajpath","Primary Arterial Road","primary","N/A","1.286","4","60","Divided Multi-Lane","Good (PCI 85-100)"
"PAT-RD-0354","90 Feet Road","Secondary / Connector Road","secondary","N/A","0.362","2","40","Undivided 2-Lane","Good (PCI 85-100)"
"PAT-RD-0355","Malahi Pakdi Road","Secondary / Connector Road","secondary","N/A","0.082","2","40","Undivided 2-Lane","Good (PCI 85-100)"
"PAT-RD-0356","NH Corridor (NH139)","National Highway / Expressway","trunk","NH139","1.743","4","80","Divided Multi-Lane","Good (PCI 85-100)"
"PAT-RD-0357","NH Corridor (NH139)","National Highway / Expressway","trunk","NH139","2.541","4","80","Divided Multi-Lane","Good (PCI 85-100)"
"PAT-RD-0358","NH Corridor (NH22)","National Highway / Expressway","trunk","NH22","0.021","4","80","Divided Multi-Lane","Good (PCI 85-100)"
"PAT-RD-0359","NH Corridor (NH22)","National Highway / Expressway","trunk","NH22","0.158","4","80","Divided Multi-Lane","Good (PCI 85-100)"
"PAT-RD-0360","NH Corridor (NH22)","National Highway / Expressway","trunk","NH22","0.02","4","80","Divided Multi-Lane","Good (PCI 85-100)"
"PAT-RD-0361","NH Corridor (NH22)","National Highway / Expressway","trunk","NH22","0.161","4","80","Divided Multi-Lane","Good (PCI 85-100)"
"PAT-RD-0362","Flyover","National Highway / Expressway","trunk","NH22","0.51","4","80","Divided Multi-Lane","Good (PCI 85-100)"
"PAT-RD-0363","Major City Arterial","Primary Arterial Road","primary","N/A","0.151","4","60","Divided Multi-Lane","Good (PCI 85-100)"
"PAT-RD-0364","Flyover","National Highway / Expressway","trunk","NH22","0.123","4","80","Divided Multi-Lane","Good (PCI 85-100)"
"PAT-RD-0365","NH Corridor (NH139)","National Highway / Expressway","trunk","NH139","0.099","4","80","Divided Multi-Lane","Satisfactory (PCI 55-69)"
"PAT-RD-0366","Major City Arterial","Primary Arterial Road","primary","N/A","0.62","4","60","Divided Multi-Lane","Good (PCI 85-100)"
"PAT-RD-0367","Primary Arterial (NH922)","Primary Arterial Road","primary","NH922","0.078","4","60","Divided Multi-Lane","Good (PCI 85-100)"
"PAT-RD-0368","Primary Arterial (NH922)","Primary Arterial Road","primary","NH922","0.304","4","60","Divided Multi-Lane","Good (PCI 85-100)"
"PAT-RD-0369","Primary Arterial (NH922)","Primary Arterial Road","primary","NH922","0.392","4","60","Divided Multi-Lane","Good (PCI 85-100)"
"PAT-RD-0370","Major City Arterial","Primary Arterial Road","primary","N/A","0.389","4","60","Divided Multi-Lane","Good (PCI 85-100)"
"PAT-RD-0371","Major City Arterial","Primary Arterial Road","primary","N/A","0.063","4","60","Divided Multi-Lane","Good (PCI 85-100)"
"PAT-RD-0372","Bailey Road","National Highway / Expressway","trunk","NH922","0.549","4","80","Divided Multi-Lane","Satisfactory (PCI 55-69)"
"PAT-RD-0373","Buddha Marg","Secondary / Connector Road","secondary","N/A","0.557","2","40","Undivided 2-Lane","Good (PCI 85-100)"
"PAT-RD-0374","Buddha Marg Flyover","Secondary / Connector Road","secondary","N/A","0.099","2","40","Undivided 2-Lane","Good (PCI 85-100)"
"PAT-RD-0375","Urban Connector Road","Secondary / Connector Road","secondary_link","N/A","0.058","2","40","Undivided 2-Lane","Good (PCI 85-100)"
"PAT-RD-0376","Fraser Road (Mazrul Haque Path)","Secondary / Connector Road","secondary","N/A","0.196","2","40","Undivided 2-Lane","Good (PCI 85-100)"
"PAT-RD-0377","Patna Bypass / Expressway Corridor","National Highway / Expressway","trunk_link","N/A","0.06","4","80","Divided Multi-Lane","Good (PCI 85-100)"
"PAT-RD-0378","Rajendra Path","National Highway / Expressway","trunk","NH922","0.238","4","80","Divided Multi-Lane","Good (PCI 85-100)"
"PAT-RD-0379","Bhattacharya Road","National Highway / Expressway","trunk","NH922","0.261","4","80","Divided Multi-Lane","Good (PCI 85-100)"
"PAT-RD-0380","Rajendra Path","Secondary / Connector Road","secondary","N/A","0.389","2","40","Undivided 2-Lane","Good (PCI 85-100)"
"PAT-RD-0381","Rajendra Path","Secondary / Connector Road","secondary","N/A","0.3","2","40","Undivided 2-Lane","Good (PCI 85-100)"
"PAT-RD-0382","Rajendra Path","Secondary / Connector Road","secondary","N/A","0.047","2","40","Undivided 2-Lane","Good (PCI 85-100)"
"PAT-RD-0383","Rajendra Path","Secondary / Connector Road","secondary","N/A","0.303","2","40","Undivided 2-Lane","Good (PCI 85-100)"
"PAT-RD-0384","Rajendra Path","Secondary / Connector Road","secondary","N/A","0.246","2","40","Undivided 2-Lane","Good (PCI 85-100)"
"PAT-RD-0385","Rajendra Path","Secondary / Connector Road","secondary","N/A","0.055","2","40","Undivided 2-Lane","Good (PCI 85-100)"
"PAT-RD-0386","Rajendra Path","Secondary / Connector Road","secondary","N/A","0.254","2","40","Undivided 2-Lane","Good (PCI 85-100)"
"PAT-RD-0387","NH Corridor (NH22)","National Highway / Expressway","trunk","NH22","0.05","4","80","Divided Multi-Lane","Fair (PCI 70-84)"
"PAT-RD-0388","NH Corridor (NH922)","National Highway / Expressway","trunk","NH922","0.283","4","80","Divided Multi-Lane","Good (PCI 85-100)"
"PAT-RD-0389","NH Corridor (NH922)","National Highway / Expressway","trunk","NH922","0.261","4","80","Divided Multi-Lane","Good (PCI 85-100)"
"PAT-RD-0390","NH Corridor (NH922)","National Highway / Expressway","trunk","NH922","0.285","4","80","Divided Multi-Lane","Good (PCI 85-100)"
"PAT-RD-0391","Urban Connector Road","Secondary / Connector Road","secondary_link","N/A","0.023","2","40","Undivided 2-Lane","Good (PCI 85-100)"
"PAT-RD-0392","Bailey Road","National Highway / Expressway","trunk","NH922","0.763","4","80","Divided Multi-Lane","Good (PCI 85-100)"
"PAT-RD-0393","Atal Path Flyover","Primary Arterial Road","primary","N/A","0.559","4","60","Divided Multi-Lane","Fair (PCI 70-84)"
"PAT-RD-0394","Urban Connector Road","Secondary / Connector Road","secondary","N/A","0.319","2","40","Undivided 2-Lane","Good (PCI 85-100)"
"PAT-RD-0395","Flyover","National Highway / Expressway","trunk","NH139","0.107","4","80","Divided Multi-Lane","Satisfactory (PCI 55-69)"
"PAT-RD-0396","Mithapur karbigahiya flyover","National Highway / Expressway","trunk","NH139","0.029","4","80","Divided Multi-Lane","Good (PCI 85-100)"
"PAT-RD-0397","Major City Arterial","Primary Arterial Road","primary","N/A","0.327","4","60","Divided Multi-Lane","Good (PCI 85-100)"
"PAT-RD-0398","Patna Bypass / Expressway Corridor","National Highway / Expressway","trunk_link","N/A","0.076","4","80","Divided Multi-Lane","Good (PCI 85-100)"
"PAT-RD-0399","Urban Connector Road","Secondary / Connector Road","secondary","N/A","0.384","2","40","Undivided 2-Lane","Fair (PCI 70-84)"
"PAT-RD-0400","Major City Arterial","Primary Arterial Road","primary","N/A","0.733","4","60","Divided Multi-Lane","Good (PCI 85-100)"
"PAT-RD-0401","Patna Bypass / Expressway Corridor","National Highway / Expressway","trunk_link","N/A","0.057","4","80","Divided Multi-Lane","Good (PCI 85-100)"
"PAT-RD-0402","Atal Path","Primary Arterial Road","primary","N/A","0.739","4","60","Divided Multi-Lane","Fair (PCI 70-84)"
"PAT-RD-0403","Major City Arterial","Primary Arterial Road","primary","N/A","0.065","4","60","Divided Multi-Lane","Fair (PCI 70-84)"
"PAT-RD-0404","Atal Path","Primary Arterial Road","primary","N/A","0.262","4","60","Divided Multi-Lane","Fair (PCI 70-84)"
"PAT-RD-0405","Atal Path","Primary Arterial Road","primary","N/A","0.031","4","60","Divided Multi-Lane","Fair (PCI 70-84)"
"PAT-RD-0406","Atal Path","Primary Arterial Road","primary","N/A","0.269","4","60","Divided Multi-Lane","Fair (PCI 70-84)"
"PAT-RD-0407","Atal Path","Primary Arterial Road","primary","N/A","0.031","4","60","Divided Multi-Lane","Fair (PCI 70-84)"
"PAT-RD-0408","Atal Path Flyover","Primary Arterial Road","primary","N/A","0.592","4","60","Divided Multi-Lane","Fair (PCI 70-84)"
"PAT-RD-0409","Atal Path Flyover","Primary Arterial Road","primary","N/A","0.049","4","60","Divided Multi-Lane","Fair (PCI 70-84)"
"PAT-RD-0410","NH Corridor (NH922)","National Highway / Expressway","trunk","NH922","0.039","4","80","Divided Multi-Lane","Good (PCI 85-100)"
"PAT-RD-0411","NH Corridor (NH922)","National Highway / Expressway","trunk","NH922","0.151","4","80","Divided Multi-Lane","Good (PCI 85-100)"
"PAT-RD-0412","kankarbagh main road","National Highway / Expressway","trunk","NH139","0.346","4","80","Divided Multi-Lane","Good (PCI 85-100)"
"PAT-RD-0413","Urban Connector Road","Secondary / Connector Road","secondary","N/A","3.89","2","40","Undivided 2-Lane","Fair (PCI 70-84)"
"PAT-RD-0414","Urban Connector Road","Secondary / Connector Road","secondary","N/A","0.022","2","40","Undivided 2-Lane","Fair (PCI 70-84)"
"PAT-RD-0415","Secondary Road (MDR)","Secondary / Connector Road","secondary","MDR","0.465","2","40","Undivided 2-Lane","Fair (PCI 70-84)"
"PAT-RD-0416","Bailey Road","National Highway / Expressway","trunk","NH922","0.899","4","80","Divided Multi-Lane","Good (PCI 85-100)"
"PAT-RD-0417","Urban Connector Road","Secondary / Connector Road","secondary","N/A","0.132","2","40","Undivided 2-Lane","Good (PCI 85-100)"
"PAT-RD-0418","Patna Bypass / Expressway Corridor","National Highway / Expressway","trunk_link","N/A","0.027","4","80","Divided Multi-Lane","Fair (PCI 70-84)"
"PAT-RD-0419","Patna Bypass / Expressway Corridor","National Highway / Expressway","trunk_link","N/A","0.028","4","80","Divided Multi-Lane","Fair (PCI 70-84)"
"PAT-RD-0420","Flyover","Secondary / Connector Road","secondary","N/A","0.284","2","40","Undivided 2-Lane","Good (PCI 85-100)"
"PAT-RD-0421","Kumhrar Road","National Highway / Expressway","trunk","NH139","0.039","4","80","Divided Multi-Lane","Good (PCI 85-100)"
"PAT-RD-0422","Major City Arterial","Primary Arterial Road","primary","N/A","0.026","4","60","Divided Multi-Lane","Fair (PCI 70-84)"
"PAT-RD-0423","Major City Arterial","Primary Arterial Road","primary","N/A","0.046","4","60","Divided Multi-Lane","Fair (PCI 70-84)"
"PAT-RD-0424","Major City Arterial","Primary Arterial Road","primary","N/A","0.049","4","60","Divided Multi-Lane","Satisfactory (PCI 55-69)"
"PAT-RD-0425","Major City Arterial","Primary Arterial Road","primary","N/A","0.045","4","60","Divided Multi-Lane","Satisfactory (PCI 55-69)"
"PAT-RD-0426","Major City Arterial","Primary Arterial Road","primary","N/A","0.029","4","60","Divided Multi-Lane","Satisfactory (PCI 55-69)"
"PAT-RD-0427","Major City Arterial","Primary Arterial Road","primary","N/A","0.064","4","60","Divided Multi-Lane","Satisfactory (PCI 55-69)"
"PAT-RD-0428","Major City Arterial","Primary Arterial Road","primary","N/A","0.067","4","60","Divided Multi-Lane","Satisfactory (PCI 55-69)"
"PAT-RD-0429","Bailey Road","National Highway / Expressway","trunk","NH922","0.318","4","80","Divided Multi-Lane","Good (PCI 85-100)"
"PAT-RD-0430","Urban Connector Road","Secondary / Connector Road","secondary","N/A","0.26","2","40","Undivided 2-Lane","Good (PCI 85-100)"
"PAT-RD-0431","Urban Connector Road","Secondary / Connector Road","secondary","N/A","1.02","2","40","Undivided 2-Lane","Good (PCI 85-100)"
"PAT-RD-0432","East Boring Canal Road Underpass","Secondary / Connector Road","secondary","N/A","0.091","2","40","Undivided 2-Lane","Good (PCI 85-100)"
"PAT-RD-0433","Atal Path","Primary Arterial Road","primary","N/A","0.87","4","60","Divided Multi-Lane","Good (PCI 85-100)"
"PAT-RD-0434","Atal Path Flyover","Primary Arterial Road","primary","N/A","0.563","4","60","Divided Multi-Lane","Good (PCI 85-100)"
"PAT-RD-0435","NH Corridor (NH139)","National Highway / Expressway","trunk","NH139","0.17","4","80","Divided Multi-Lane","Good (PCI 85-100)"
"PAT-RD-0436","NH Corridor (NH139)","National Highway / Expressway","trunk","NH139","0.157","4","80","Divided Multi-Lane","Good (PCI 85-100)"
"PAT-RD-0437","Flyover","National Highway / Expressway","trunk","NH139","0.102","4","80","Divided Multi-Lane","Good (PCI 85-100)"
"PAT-RD-0438","Chiriya Taar overbridge Ramp","Primary Arterial Road","primary_link","N/A","0.035","4","60","Divided Multi-Lane","Satisfactory (PCI 55-69)"
"PAT-RD-0439","Serpentine Road Flyover","Secondary / Connector Road","secondary","N/A","0.303","2","40","Undivided 2-Lane","Good (PCI 85-100)"
"PAT-RD-0440","Urban Connector Road","Secondary / Connector Road","secondary_link","N/A","0.023","2","40","Undivided 2-Lane","Good (PCI 85-100)"
"PAT-RD-0441","Urban Connector Road","Secondary / Connector Road","secondary","N/A","1.021","2","40","Undivided 2-Lane","Satisfactory (PCI 55-69)"
"PAT-RD-0442","Malahi Pakdi Road","Secondary / Connector Road","secondary","N/A","0.041","2","40","Undivided 2-Lane","Good (PCI 85-100)"
"PAT-RD-0443","Malahi Pakdi Road","Secondary / Connector Road","secondary","N/A","0.037","2","40","Undivided 2-Lane","Good (PCI 85-100)"
"PAT-RD-0444","Malahi Pakdi Road","Secondary / Connector Road","secondary","N/A","0.033","2","40","Undivided 2-Lane","Good (PCI 85-100)"
"PAT-RD-0445","Malahi Pakdi Road","Secondary / Connector Road","secondary","N/A","0.035","2","40","Undivided 2-Lane","Good (PCI 85-100)"
"PAT-RD-0446","Malahi Pakdi Road","Secondary / Connector Road","secondary","N/A","0.034","2","40","Undivided 2-Lane","Good (PCI 85-100)"
"PAT-RD-0447","Urban Connector Road","Secondary / Connector Road","secondary","N/A","0.418","2","40","Undivided 2-Lane","Good (PCI 85-100)"
"PAT-RD-0448","Major City Arterial","Primary Arterial Road","primary","N/A","0.11","4","60","Divided Multi-Lane","Good (PCI 85-100)"
"PAT-RD-0449","Major City Arterial","Primary Arterial Road","primary","N/A","0.323","4","60","Divided Multi-Lane","Good (PCI 85-100)"
"PAT-RD-0450","Major City Arterial","Primary Arterial Road","primary","N/A","0.317","4","60","Divided Multi-Lane","Good (PCI 85-100)"
"PAT-RD-0451","Major City Arterial","Primary Arterial Road","primary","N/A","0.04","4","60","Divided Multi-Lane","Good (PCI 85-100)"
"PAT-RD-0452","Major City Arterial","Primary Arterial Road","primary","N/A","0.239","4","60","Divided Multi-Lane","Good (PCI 85-100)"
"PAT-RD-0453","Major City Arterial","Primary Arterial Road","primary","N/A","0.239","4","60","Divided Multi-Lane","Good (PCI 85-100)"
"PAT-RD-0454","Major City Arterial","Primary Arterial Road","primary","N/A","0.07","4","60","Divided Multi-Lane","Good (PCI 85-100)"
"PAT-RD-0455","Major City Arterial","Primary Arterial Road","primary","N/A","0.179","4","60","Divided Multi-Lane","Fair (PCI 70-84)"
"PAT-RD-0456","Major City Arterial","Primary Arterial Road","primary","N/A","0.097","4","60","Divided Multi-Lane","Fair (PCI 70-84)"
"PAT-RD-0457","Major City Arterial","Primary Arterial Road","primary","N/A","0.024","4","60","Divided Multi-Lane","Fair (PCI 70-84)"
"PAT-RD-0458","Major City Arterial","Primary Arterial Road","primary","N/A","0.026","4","60","Divided Multi-Lane","Satisfactory (PCI 55-69)"
"PAT-RD-0459","Primary Arterial (NH922)","Primary Arterial Road","primary","NH922","0.605","4","60","Divided Multi-Lane","Good (PCI 85-100)"
"PAT-RD-0460","Ashok Rajpath","Primary Arterial Road","primary","N/A","0.972","4","60","Divided Multi-Lane","Fair (PCI 70-84)"
"PAT-RD-0461","Urban Connector Road","Secondary / Connector Road","secondary","N/A","0.679","2","40","Undivided 2-Lane","Good (PCI 85-100)"
"PAT-RD-0462","Ashok Raj Path","Primary Arterial Road","primary","N/A","0.039","4","60","Divided Multi-Lane","Fair (PCI 70-84)"
"PAT-RD-0463","NH Corridor (NH922)","National Highway / Expressway","trunk","NH922","0.541","4","80","Divided Multi-Lane","Fair (PCI 70-84)"
"PAT-RD-0464","NH Corridor (NH139)","National Highway / Expressway","trunk","NH139","0.074","4","80","Divided Multi-Lane","Good (PCI 85-100)"
"PAT-RD-0465","NH Corridor (NH139)","National Highway / Expressway","trunk","NH139","0.048","4","80","Divided Multi-Lane","Good (PCI 85-100)"
"PAT-RD-0466","Kumhrar Road","National Highway / Expressway","trunk","NH139","0.186","4","80","Divided Multi-Lane","Good (PCI 85-100)"
"PAT-RD-0467","Major City Arterial","Primary Arterial Road","primary","N/A","0.742","4","60","Divided Multi-Lane","Good (PCI 85-100)"
"PAT-RD-0468","Kumhrar Road","National Highway / Expressway","trunk","NH139","0.293","4","80","Divided Multi-Lane","Satisfactory (PCI 55-69)"
"PAT-RD-0469","Malahi Pakdi Road","Secondary / Connector Road","secondary","N/A","0.139","2","40","Undivided 2-Lane","Good (PCI 85-100)"
"PAT-RD-0470","Malahi Pakdi Road","Secondary / Connector Road","secondary","N/A","0.029","2","40","Undivided 2-Lane","Good (PCI 85-100)"
"PAT-RD-0471","Patna Bypass / Expressway Corridor","National Highway / Expressway","trunk_link","N/A","0.066","4","80","Divided Multi-Lane","Satisfactory (PCI 55-69)"
"PAT-RD-0472","Patna Bypass / Expressway Corridor","National Highway / Expressway","trunk_link","N/A","0.024","4","80","Divided Multi-Lane","Good (PCI 85-100)"
"PAT-RD-0473","Major City Arterial","Primary Arterial Road","primary","N/A","0.063","4","60","Divided Multi-Lane","Good (PCI 85-100)"
"PAT-RD-0474","Major City Arterial","Primary Arterial Road","primary","N/A","0.34","4","60","Divided Multi-Lane","Good (PCI 85-100)"
"PAT-RD-0475","90 Feet Road","Secondary / Connector Road","secondary","N/A","0.189","2","40","Undivided 2-Lane","Fair (PCI 70-84)"
"PAT-RD-0476","West Boring Canal Road","Secondary / Connector Road","secondary","N/A","0.091","2","40","Undivided 2-Lane","Good (PCI 85-100)"
"PAT-RD-0477","NH Corridor (NH139)","National Highway / Expressway","trunk","NH139","0.361","4","80","Divided Multi-Lane","Satisfactory (PCI 55-69)"
"PAT-RD-0478","Bailey Road Flyover","National Highway / Expressway","trunk","NH922","0.159","4","80","Divided Multi-Lane","Good (PCI 85-100)"
"PAT-RD-0479","Bailey Road Flyover","National Highway / Expressway","trunk","NH922","0.283","4","80","Divided Multi-Lane","Good (PCI 85-100)"
"PAT-RD-0480","Bailey Road Flyover","National Highway / Expressway","trunk","NH922","0.123","4","80","Divided Multi-Lane","Good (PCI 85-100)"
"PAT-RD-0481","Patna Bypass / Expressway Corridor","National Highway / Expressway","trunk_link","N/A","0.484","4","80","Divided Multi-Lane","Good (PCI 85-100)"
"PAT-RD-0482","Atal Path","Primary Arterial Road","primary","N/A","0.073","4","60","Divided Multi-Lane","Good (PCI 85-100)"
"PAT-RD-0483","Atal Path","Primary Arterial Road","primary","N/A","0.072","4","60","Divided Multi-Lane","Good (PCI 85-100)"
"PAT-RD-0484","Atal Path","Primary Arterial Road","primary","N/A","0.275","4","60","Divided Multi-Lane","Good (PCI 85-100)"
"PAT-RD-0485","Atal Path","Primary Arterial Road","primary","N/A","0.275","4","60","Divided Multi-Lane","Good (PCI 85-100)"
"PAT-RD-0486","Atal Path Flyover","Primary Arterial Road","primary","N/A","0.057","4","60","Divided Multi-Lane","Good (PCI 85-100)"
"PAT-RD-0487","Atal Path Flyover","Primary Arterial Road","primary","N/A","0.054","4","60","Divided Multi-Lane","Good (PCI 85-100)"
"PAT-RD-0488","Atal Path Flyover","Primary Arterial Road","primary","N/A","0.647","4","60","Divided Multi-Lane","Good (PCI 85-100)"
"PAT-RD-0489","Atal Path Flyover","Primary Arterial Road","primary","N/A","0.645","4","60","Divided Multi-Lane","Good (PCI 85-100)"
"PAT-RD-0490","Atal Path Flyover","Primary Arterial Road","primary","N/A","0.053","4","60","Divided Multi-Lane","Good (PCI 85-100)"
"PAT-RD-0491","Atal Path Flyover","Primary Arterial Road","primary","N/A","0.585","4","60","Divided Multi-Lane","Good (PCI 85-100)"
"PAT-RD-0492","Urban Connector Road","Secondary / Connector Road","secondary_link","N/A","0.023","2","40","Undivided 2-Lane","Good (PCI 85-100)"
"PAT-RD-0493","Urban Connector Road","Secondary / Connector Road","secondary_link","N/A","0.034","2","40","Undivided 2-Lane","Fair (PCI 70-84)"
"PAT-RD-0494","Urban Connector Road","Secondary / Connector Road","secondary","N/A","0.023","2","40","Undivided 2-Lane","Fair (PCI 70-84)"
"PAT-RD-0495","Urban Connector Road","Secondary / Connector Road","secondary","N/A","0.023","2","40","Undivided 2-Lane","Good (PCI 85-100)"
"PAT-RD-0496","Urban Connector Road","Secondary / Connector Road","secondary_link","N/A","0.022","2","40","Undivided 2-Lane","Fair (PCI 70-84)"
"PAT-RD-0497","Urban Connector Road","Secondary / Connector Road","secondary","N/A","0.021","2","40","Undivided 2-Lane","Fair (PCI 70-84)"
"PAT-RD-0498","Urban Connector Road","Secondary / Connector Road","secondary","N/A","0.021","2","40","Undivided 2-Lane","Good (PCI 85-100)"
"PAT-RD-0499","Urban Connector Road","Secondary / Connector Road","secondary","N/A","0.022","2","40","Undivided 2-Lane","Good (PCI 85-100)"
"PAT-RD-0500","Urban Connector Road","Secondary / Connector Road","secondary_link","N/A","0.024","2","40","Undivided 2-Lane","Good (PCI 85-100)"
"PAT-RD-0501","Urban Connector Road","Secondary / Connector Road","secondary","N/A","0.166","2","40","Undivided 2-Lane","Good (PCI 85-100)"
"PAT-RD-0502","RK AVE","Secondary / Connector Road","secondary","N/A","0.288","2","40","Undivided 2-Lane","Good (PCI 85-100)"
"PAT-RD-0503","Nala Road","Secondary / Connector Road","secondary","N/A","0.228","2","40","Undivided 2-Lane","Good (PCI 85-100)"
"PAT-RD-0504","Urban Connector Road","Secondary / Connector Road","secondary","N/A","0.037","2","40","Undivided 2-Lane","Good (PCI 85-100)"
"PAT-RD-0505","Urban Connector Road","Secondary / Connector Road","secondary","N/A","0.033","2","40","Undivided 2-Lane","Good (PCI 85-100)"
"PAT-RD-0506","Major City Arterial","Primary Arterial Road","primary","N/A","0.268","4","60","Divided Multi-Lane","Satisfactory (PCI 55-69)"
"PAT-RD-0507","Major City Arterial","Primary Arterial Road","primary_link","N/A","0.035","4","60","Divided Multi-Lane","Good (PCI 85-100)"
"PAT-RD-0508","Major City Arterial","Primary Arterial Road","primary_link","N/A","0.03","4","60","Divided Multi-Lane","Fair (PCI 70-84)"
"PAT-RD-0509","Chiriya Taar overbridge","Primary Arterial Road","primary","N/A","0.107","4","60","Divided Multi-Lane","Satisfactory (PCI 55-69)"
"PAT-RD-0510","Flyover","National Highway / Expressway","trunk","NH139","0.22","4","80","Divided Multi-Lane","Good (PCI 85-100)"
"PAT-RD-0511","NH Corridor (NH139)","National Highway / Expressway","trunk","NH139","0.28","4","80","Divided Multi-Lane","Good (PCI 85-100)"
"PAT-RD-0512","NH Corridor (NH139)","National Highway / Expressway","trunk","NH139","0.274","4","80","Divided Multi-Lane","Good (PCI 85-100)"
"PAT-RD-0513","Patna Bypass / Expressway Corridor","National Highway / Expressway","trunk_link","N/A","0.029","4","80","Divided Multi-Lane","Fair (PCI 70-84)"
"PAT-RD-0514","Patna Bypass / Expressway Corridor","National Highway / Expressway","trunk_link","N/A","0.026","4","80","Divided Multi-Lane","Fair (PCI 70-84)"
"PAT-RD-0515","Patna Bypass / Expressway Corridor","National Highway / Expressway","trunk_link","N/A","0.027","4","80","Divided Multi-Lane","Good (PCI 85-100)"
"PAT-RD-0516","Patna Bypass / Expressway Corridor","National Highway / Expressway","trunk_link","N/A","0.028","4","80","Divided Multi-Lane","Good (PCI 85-100)"
"PAT-RD-0517","Patna Bypass / Expressway Corridor","National Highway / Expressway","trunk_link","N/A","0.023","4","80","Divided Multi-Lane","Good (PCI 85-100)"
"PAT-RD-0518","Primary Arterial (SH1)","Primary Arterial Road","primary","SH1","1.433","4","60","Divided Multi-Lane","Satisfactory (PCI 55-69)"
"PAT-RD-0519","Primary Arterial (SH1)","Primary Arterial Road","primary","SH1","0.038","4","60","Divided Multi-Lane","Good (PCI 85-100)"
"PAT-RD-0520","Patna Bypass / Expressway Corridor","National Highway / Expressway","trunk_link","N/A","0.033","4","80","Divided Multi-Lane","Good (PCI 85-100)"
"PAT-RD-0521","NH Corridor (NH922)","National Highway / Expressway","trunk","NH922","0.476","4","80","Divided Multi-Lane","Fair (PCI 70-84)"
"PAT-RD-0522","NH Corridor (NH922)","National Highway / Expressway","trunk","NH922","0.385","4","80","Divided Multi-Lane","Fair (PCI 70-84)"
"PAT-RD-0523","NH Corridor (NH22)","National Highway / Expressway","trunk","NH22","0.266","4","80","Divided Multi-Lane","Good (PCI 85-100)"
"PAT-RD-0524","NH Corridor (NH22)","National Highway / Expressway","trunk","NH22","0.022","4","80","Divided Multi-Lane","Good (PCI 85-100)"
"PAT-RD-0525","Malahi Pakdi Road","Secondary / Connector Road","secondary","N/A","0.066","2","40","Undivided 2-Lane","Good (PCI 85-100)"
"PAT-RD-0526","Chiriya Taar overbridge Ramp","Primary Arterial Road","primary_link","N/A","0.039","4","60","Divided Multi-Lane","Satisfactory (PCI 55-69)"
"PAT-RD-0527","NH Corridor (NH139)","National Highway / Expressway","trunk","NH139","0.086","4","80","Divided Multi-Lane","Satisfactory (PCI 55-69)"
"PAT-RD-0528","Chiriya Taar overbridge","Primary Arterial Road","primary","NH922","0.039","4","60","Divided Multi-Lane","Satisfactory (PCI 55-69)"
"PAT-RD-0529","Patna Bypass / Expressway Corridor","National Highway / Expressway","trunk_link","N/A","0.021","4","80","Divided Multi-Lane","Good (PCI 85-100)"
"PAT-RD-0530","Patna Bypass / Expressway Corridor","National Highway / Expressway","trunk_link","N/A","0.033","4","80","Divided Multi-Lane","Fair (PCI 70-84)"
"PAT-RD-0531","NH Corridor (NH139)","National Highway / Expressway","trunk","NH139","0.857","4","80","Divided Multi-Lane","Fair (PCI 70-84)"
"PAT-RD-0532","Flyover","National Highway / Expressway","trunk","N/A","0.034","4","80","Divided Multi-Lane","Good (PCI 85-100)"
"PAT-RD-0533","Patna Bypass / Expressway Corridor","National Highway / Expressway","trunk_link","N/A","0.054","4","80","Divided Multi-Lane","Fair (PCI 70-84)"
"PAT-RD-0534","Patna Bypass / Expressway Corridor","National Highway / Expressway","trunk_link","N/A","0.032","4","80","Divided Multi-Lane","Fair (PCI 70-84)"
"PAT-RD-0535","Patna Bypass / Expressway Corridor","National Highway / Expressway","trunk_link","N/A","0.026","4","80","Divided Multi-Lane","Fair (PCI 70-84)"
"PAT-RD-0536","Patna Bypass / Expressway Corridor","National Highway / Expressway","trunk_link","N/A","0.029","4","80","Divided Multi-Lane","Fair (PCI 70-84)"
"PAT-RD-0537","Patna Bypass / Expressway Corridor","National Highway / Expressway","trunk_link","N/A","0.029","4","80","Divided Multi-Lane","Fair (PCI 70-84)"
"PAT-RD-0538","Urban Connector Road","Secondary / Connector Road","secondary_link","N/A","0.023","2","40","Undivided 2-Lane","Satisfactory (PCI 55-69)"
"PAT-RD-0539","Urban Connector Road","Secondary / Connector Road","secondary_link","N/A","0.024","2","40","Undivided 2-Lane","Good (PCI 85-100)"
"PAT-RD-0540","Primary Arterial (SH1)","Primary Arterial Road","primary","SH1","1.297","4","60","Divided Multi-Lane","Satisfactory (PCI 55-69)"
"PAT-RD-0541","Mithapur karbigahiya flyover","National Highway / Expressway","trunk","NH139","0.084","4","80","Divided Multi-Lane","Good (PCI 85-100)"
"PAT-RD-0542","Mithapur karbigahiya flyover","National Highway / Expressway","trunk","NH139","0.045","4","80","Divided Multi-Lane","Good (PCI 85-100)"
"PAT-RD-0543","Major City Arterial","Primary Arterial Road","primary","N/A","0.035","4","60","Divided Multi-Lane","Fair (PCI 70-84)"
"PAT-RD-0544","Urban Connector Road","Secondary / Connector Road","secondary","N/A","0.041","2","40","Undivided 2-Lane","Fair (PCI 70-84)"
"PAT-RD-0545","Urban Connector Road","Secondary / Connector Road","secondary","N/A","0.039","2","40","Undivided 2-Lane","Satisfactory (PCI 55-69)"
"PAT-RD-0546","NH Corridor (NH31)","National Highway / Expressway","trunk","NH31","2.991","4","80","Divided Multi-Lane","Good (PCI 85-100)"
"PAT-RD-0547","Station Road","National Highway / Expressway","trunk","NH922","0.04","4","80","Divided Multi-Lane","Fair (PCI 70-84)"
"PAT-RD-0548","Flyover","National Highway / Expressway","trunk","NH139","0.061","4","80","Divided Multi-Lane","Fair (PCI 70-84)"
"PAT-RD-0549","Patna Bypass / Expressway Corridor","National Highway / Expressway","trunk_link","N/A","0.095","4","80","Divided Multi-Lane","Good (PCI 85-100)"
"PAT-RD-0550","Patna Bypass / Expressway Corridor","National Highway / Expressway","trunk_link","N/A","0.088","4","80","Divided Multi-Lane","Good (PCI 85-100)"
"PAT-RD-0551","Patna Bypass / Expressway Corridor","National Highway / Expressway","trunk_link","N/A","0.023","4","80","Divided Multi-Lane","Good (PCI 85-100)"
"PAT-RD-0552","Patna Bypass / Expressway Corridor","National Highway / Expressway","trunk_link","N/A","0.482","4","80","Divided Multi-Lane","Good (PCI 85-100)"
"PAT-RD-0553","Patna Bypass / Expressway Corridor","National Highway / Expressway","trunk_link","N/A","0.172","4","80","Divided Multi-Lane","Good (PCI 85-100)"
"PAT-RD-0554","Bailey Road","National Highway / Expressway","trunk","NH922","0.039","4","80","Divided Multi-Lane","Good (PCI 85-100)"
"PAT-RD-0555","Patna Bypass / Expressway Corridor","National Highway / Expressway","trunk_link","N/A","0.194","4","80","Divided Multi-Lane","Good (PCI 85-100)"
"PAT-RD-0556","Patna Bypass / Expressway Corridor","National Highway / Expressway","trunk_link","N/A","0.2","4","80","Divided Multi-Lane","Good (PCI 85-100)"
"PAT-RD-0557","NH Corridor (NH922)","National Highway / Expressway","trunk","NH922","0.04","4","80","Divided Multi-Lane","Good (PCI 85-100)"
"PAT-RD-0558","West Boring Canal Road Flyover","Secondary / Connector Road","secondary","N/A","0.202","2","40","Undivided 2-Lane","Good (PCI 85-100)"
"PAT-RD-0559","Serpentine Road Flyover","Secondary / Connector Road","secondary","N/A","0.201","2","40","Undivided 2-Lane","Good (PCI 85-100)"
"PAT-RD-0560","West Boring Canal Road Flyover","Secondary / Connector Road","secondary","N/A","0.164","2","40","Undivided 2-Lane","Good (PCI 85-100)"
"PAT-RD-0561","East Boring Canal Road Underpass","Secondary / Connector Road","secondary","N/A","0.168","2","40","Undivided 2-Lane","Good (PCI 85-100)"
"PAT-RD-0562","NH Corridor (NH922)","National Highway / Expressway","trunk","NH922","0.167","4","80","Divided Multi-Lane","Good (PCI 85-100)"
"PAT-RD-0563","GauriyaMath Flyover","Secondary / Connector Road","secondary","N/A","0.066","2","40","Undivided 2-Lane","Good (PCI 85-100)"
"PAT-RD-0564","Patna Bypass / Expressway Corridor","National Highway / Expressway","trunk","N/A","0.193","4","80","Divided Multi-Lane","Good (PCI 85-100)"
"PAT-RD-0565","Flyover","National Highway / Expressway","trunk","N/A","0.193","4","80","Divided Multi-Lane","Good (PCI 85-100)"
"PAT-RD-0566","Primary Arterial (SH1)","Primary Arterial Road","primary","SH1","0.298","4","60","Divided Multi-Lane","Good (PCI 85-100)"
"PAT-RD-0567","Flyover","National Highway / Expressway","trunk","N/A","0.022","4","80","Divided Multi-Lane","Good (PCI 85-100)"
"PAT-RD-0568","Flyover","National Highway / Expressway","trunk","NH22","0.039","4","80","Divided Multi-Lane","Good (PCI 85-100)"
"PAT-RD-0569","Flyover","National Highway / Expressway","trunk","NH22","0.291","4","80","Divided Multi-Lane","Good (PCI 85-100)"
"PAT-RD-0570","Flyover","Primary Arterial Road","primary","N/A","0.022","4","60","Divided Multi-Lane","Good (PCI 85-100)"
"PAT-RD-0571","Flyover","National Highway / Expressway","trunk","NH22","0.135","4","80","Divided Multi-Lane","Good (PCI 85-100)"
"PAT-RD-0572","Bailey Road Flyover","National Highway / Expressway","trunk","NH922","0.021","4","80","Divided Multi-Lane","Good (PCI 85-100)"
"PAT-RD-0573","Bailey Road Flyover","National Highway / Expressway","trunk","NH922","0.023","4","80","Divided Multi-Lane","Good (PCI 85-100)"
"PAT-RD-0574","Kumhrar Road","National Highway / Expressway","trunk","NH139","0.038","4","80","Divided Multi-Lane","Good (PCI 85-100)"
"PAT-RD-0575","Atal Path Flyover","Primary Arterial Road","primary","N/A","0.02","4","60","Divided Multi-Lane","Good (PCI 85-100)"
"PAT-RD-0576","Atal Path Flyover","Primary Arterial Road","primary","N/A","0.024","4","60","Divided Multi-Lane","Good (PCI 85-100)"
"PAT-RD-0577","Atal Path Flyover","Primary Arterial Road","primary","N/A","0.472","4","60","Divided Multi-Lane","Good (PCI 85-100)"
"PAT-RD-0578","Atal Path Flyover","Primary Arterial Road","primary","N/A","0.525","4","60","Divided Multi-Lane","Good (PCI 85-100)"
"PAT-RD-0579","Atal Path Flyover","Primary Arterial Road","primary","N/A","0.028","4","60","Divided Multi-Lane","Good (PCI 85-100)"
"PAT-RD-0580","Atal Path Flyover","Primary Arterial Road","primary","N/A","0.021","4","60","Divided Multi-Lane","Good (PCI 85-100)"
"PAT-RD-0581","Atal Path","Primary Arterial Road","primary","N/A","0.551","4","60","Divided Multi-Lane","Good (PCI 85-100)"
"PAT-RD-0582","Atal Path","Primary Arterial Road","primary","N/A","0.545","4","60","Divided Multi-Lane","Good (PCI 85-100)"
"PAT-RD-0583","Atal Path Flyover","Primary Arterial Road","primary","N/A","0.029","4","60","Divided Multi-Lane","Good (PCI 85-100)"
"PAT-RD-0584","Atal Path Flyover","Primary Arterial Road","primary","N/A","0.024","4","60","Divided Multi-Lane","Good (PCI 85-100)"
"PAT-RD-0585","Atal Path","Primary Arterial Road","primary","N/A","0.461","4","60","Divided Multi-Lane","Good (PCI 85-100)"
"PAT-RD-0586","Atal Path Flyover","Primary Arterial Road","primary","N/A","0.026","4","60","Divided Multi-Lane","Good (PCI 85-100)"
"PAT-RD-0587","Atal Path","Primary Arterial Road","primary","N/A","0.468","4","60","Divided Multi-Lane","Good (PCI 85-100)"
"PAT-RD-0588","Bailey Road Flyover","National Highway / Expressway","trunk","NH922","0.024","4","80","Divided Multi-Lane","Good (PCI 85-100)"
"PAT-RD-0589","Bailey Road Flyover","National Highway / Expressway","trunk","NH922","0.022","4","80","Divided Multi-Lane","Good (PCI 85-100)"
"PAT-RD-0590","Serpentine Road Flyover","Secondary / Connector Road","secondary","N/A","0.069","2","40","Undivided 2-Lane","Fair (PCI 70-84)"
"PAT-RD-0591","NH Corridor (NH139)","National Highway / Expressway","trunk","NH139","0.034","4","80","Divided Multi-Lane","Good (PCI 85-100)"
"PAT-RD-0592","Flyover","National Highway / Expressway","trunk","NH139","0.023","4","80","Divided Multi-Lane","Good (PCI 85-100)"
"PAT-RD-0593","Flyover","National Highway / Expressway","trunk","NH139","0.024","4","80","Divided Multi-Lane","Good (PCI 85-100)"
"PAT-RD-0594","Flyover","National Highway / Expressway","trunk","NH139","0.023","4","80","Divided Multi-Lane","Good (PCI 85-100)"
"PAT-RD-0595","Chiriya Taar overbridge","National Highway / Expressway","trunk","NH139","0.022","4","80","Divided Multi-Lane","Good (PCI 85-100)"
"PAT-RD-0596","NH Corridor (NH139)","National Highway / Expressway","trunk","NH139","0.035","4","80","Divided Multi-Lane","Good (PCI 85-100)"
"PAT-RD-0597","Station Road Flyover","Primary Arterial Road","primary","N/A","0.051","4","60","Divided Multi-Lane","Good (PCI 85-100)"
"PAT-RD-0598","Birchand Patel Path Flyover (Gardner Road Flyover)","Primary Arterial Road","primary","N/A","0.047","4","60","Divided Multi-Lane","Good (PCI 85-100)"
"PAT-RD-0599","Birchand Patel Path Flyover (Gardner Road Flyover)","Primary Arterial Road","primary","N/A","0.16","4","60","Divided Multi-Lane","Good (PCI 85-100)"
"PAT-RD-0600","GauriyaMath Flyover","Secondary / Connector Road","secondary","N/A","0.069","2","40","Undivided 2-Lane","Good (PCI 85-100)"
"PAT-RD-0601","East Boring Canal Road Underpass","Secondary / Connector Road","secondary","N/A","0.039","2","40","Undivided 2-Lane","Good (PCI 85-100)"
"PAT-RD-0602","NH Corridor (NH22)","National Highway / Expressway","trunk","NH22","0.436","4","80","Divided Multi-Lane","Good (PCI 85-100)"
"PAT-RD-0603","NH Corridor (NH22)","National Highway / Expressway","trunk","NH22","0.441","4","80","Divided Multi-Lane","Good (PCI 85-100)"
"PAT-RD-0604","NH Corridor (NH922)","National Highway / Expressway","trunk","NH922","0.471","4","80","Divided Multi-Lane","Fair (PCI 70-84)"
"PAT-RD-0605","Urban Connector Road","Secondary / Connector Road","secondary","N/A","0.699","2","40","Undivided 2-Lane","Fair (PCI 70-84)"
"PAT-RD-0606","Urban Connector Road","Secondary / Connector Road","secondary_link","N/A","0.026","2","40","Undivided 2-Lane","Fair (PCI 70-84)"
"PAT-RD-0607","Ashok Rajpath","Primary Arterial Road","primary","N/A","1.29","4","60","Divided Multi-Lane","Good (PCI 85-100)"
"PAT-RD-0608","Kumhrar Road","National Highway / Expressway","trunk","NH139","0.028","4","80","Divided Multi-Lane","Good (PCI 85-100)"
"PAT-RD-0609","NH22","National Highway / Expressway","trunk","N/A","2.055","4","80","Divided Multi-Lane","Good (PCI 85-100)"
"PAT-RD-0610","NH22","National Highway / Expressway","trunk","N/A","2.052","4","80","Divided Multi-Lane","Good (PCI 85-100)"
"PAT-RD-0611","NH22","National Highway / Expressway","trunk","N/A","1.116","4","80","Divided Multi-Lane","Good (PCI 85-100)"
"PAT-RD-0612","NH22","National Highway / Expressway","trunk","N/A","0.426","4","80","Divided Multi-Lane","Good (PCI 85-100)"
"PAT-RD-0613","NH Corridor (NH139)","National Highway / Expressway","trunk","NH139","0.796","4","80","Divided Multi-Lane","Good (PCI 85-100)"
"PAT-RD-0614","NH22","National Highway / Expressway","trunk","N/A","0.44","4","80","Divided Multi-Lane","Good (PCI 85-100)"
"PAT-RD-0615","NH22","National Highway / Expressway","trunk","N/A","0.761","4","80","Divided Multi-Lane","Good (PCI 85-100)"
"PAT-RD-0616","Primary Arterial (SH1)","Primary Arterial Road","primary","SH1","0.062","4","60","Divided Multi-Lane","Good (PCI 85-100)"
"PAT-RD-0617","Chiriya Taar overbridge","Secondary / Connector Road","secondary","N/A","0.091","2","40","Undivided 2-Lane","Good (PCI 85-100)"
"PAT-RD-0618","Urban Connector Road","Secondary / Connector Road","secondary","N/A","0.041","2","40","Undivided 2-Lane","Good (PCI 85-100)"
"PAT-RD-0619","Jagdeo Path","Secondary / Connector Road","secondary","MDR","0.853","2","40","Undivided 2-Lane","Good (PCI 85-100)"
"PAT-RD-0620","Ashok Raj Path","Primary Arterial Road","primary","N/A","1.198","4","60","Divided Multi-Lane","Fair (PCI 70-84)"
"PAT-RD-0621","Ashok Raj Path","Primary Arterial Road","primary","N/A","0.147","4","60","Divided Multi-Lane","Fair (PCI 70-84)"
"PAT-RD-0622","Ashok Raj Path","Primary Arterial Road","primary","N/A","0.028","4","60","Divided Multi-Lane","Satisfactory (PCI 55-69)"
"PAT-RD-0623","Ashok Raj Path","Primary Arterial Road","primary","N/A","0.254","4","60","Divided Multi-Lane","Satisfactory (PCI 55-69)"
"PAT-RD-0624","Ashok Raj Path","Primary Arterial Road","primary","N/A","0.565","4","60","Divided Multi-Lane","Satisfactory (PCI 55-69)"
"PAT-RD-0625","Major City Arterial","Primary Arterial Road","primary","N/A","0.358","4","60","Divided Multi-Lane","Satisfactory (PCI 55-69)"
"PAT-RD-0626","Fraser Road (Mazrul Haque Path)","Secondary / Connector Road","secondary","N/A","0.243","2","40","Undivided 2-Lane","Satisfactory (PCI 55-69)"
"PAT-RD-0627","Fraser Road (Mazrul Haque Path)","Secondary / Connector Road","secondary","N/A","0.242","2","40","Undivided 2-Lane","Satisfactory (PCI 55-69)"
"PAT-RD-0628","Fraser Road (Mazrul Haque Path)","Secondary / Connector Road","secondary","N/A","0.162","2","40","Undivided 2-Lane","Satisfactory (PCI 55-69)"
"PAT-RD-0629","RK AVE","Secondary / Connector Road","secondary","N/A","0.089","2","40","Undivided 2-Lane","Satisfactory (PCI 55-69)"
"PAT-RD-0630","RK AVE","Secondary / Connector Road","secondary","N/A","0.027","2","40","Undivided 2-Lane","Good (PCI 85-100)"
"PAT-RD-0631","Urban Connector Road","Secondary / Connector Road","secondary","N/A","0.091","2","40","Undivided 2-Lane","Good (PCI 85-100)"
"PAT-RD-0632","Urban Connector Road","Secondary / Connector Road","secondary","N/A","0.027","2","40","Undivided 2-Lane","Good (PCI 85-100)"
"PAT-RD-0633","Major City Arterial","Primary Arterial Road","primary","N/A","0.231","4","60","Divided Multi-Lane","Good (PCI 85-100)"
"PAT-RD-0634","NH Corridor (NH139)","National Highway / Expressway","trunk","NH139","0.021","4","80","Divided Multi-Lane","Fair (PCI 70-84)"
"PAT-RD-0635","RK AVE","Secondary / Connector Road","secondary","N/A","0.042","2","40","Undivided 2-Lane","Fair (PCI 70-84)"
"PAT-RD-0636","Urban Connector Road","Secondary / Connector Road","secondary","N/A","0.041","2","40","Undivided 2-Lane","Fair (PCI 70-84)"
"PAT-RD-0637","NH Corridor (NH922)","National Highway / Expressway","trunk","NH922","0.183","4","80","Divided Multi-Lane","Fair (PCI 70-84)"
"PAT-RD-0638","Ashok Raj Path","Primary Arterial Road","primary","N/A","0.318","4","60","Divided Multi-Lane","Good (PCI 85-100)"
"PAT-RD-0639","Urban Connector Road","Secondary / Connector Road","secondary_link","N/A","0.037","2","40","Undivided 2-Lane","Fair (PCI 70-84)"
"PAT-RD-0640","Patna Bypass / Expressway Corridor","National Highway / Expressway","trunk_link","N/A","0.023","4","80","Divided Multi-Lane","Good (PCI 85-100)"
"PAT-RD-0641","Patna Bypass / Expressway Corridor","National Highway / Expressway","trunk_link","N/A","0.032","4","80","Divided Multi-Lane","Fair (PCI 70-84)"
"PAT-RD-0642","Urban Connector Road","Secondary / Connector Road","secondary_link","N/A","0.021","2","40","Undivided 2-Lane","Good (PCI 85-100)"
"PAT-RD-0643","NH Corridor (NH139)","National Highway / Expressway","trunk","NH139","0.118","4","80","Divided Multi-Lane","Fair (PCI 70-84)"
"PAT-RD-0644","NH Corridor (NH22)","National Highway / Expressway","trunk","NH22","0.898","4","80","Divided Multi-Lane","Good (PCI 85-100)"
"PAT-RD-0645","Patna Bypass / Expressway Corridor","National Highway / Expressway","trunk_link","N/A","0.038","4","80","Divided Multi-Lane","Fair (PCI 70-84)"
"PAT-RD-0646","Patna Bypass / Expressway Corridor","National Highway / Expressway","trunk_link","N/A","0.06","4","80","Divided Multi-Lane","Fair (PCI 70-84)"
"PAT-RD-0647","NH Corridor (NH22)","National Highway / Expressway","trunk","NH22","0.029","4","80","Divided Multi-Lane","Satisfactory (PCI 55-69)"
"PAT-RD-0648","NH Corridor (NH22)","National Highway / Expressway","trunk","NH22","0.265","4","80","Divided Multi-Lane","Satisfactory (PCI 55-69)"
"PAT-RD-0649","NH Corridor (NH22)","National Highway / Expressway","trunk","NH22","0.029","4","80","Divided Multi-Lane","Satisfactory (PCI 55-69)"
"PAT-RD-0650","Patna Bypass / Expressway Corridor","National Highway / Expressway","trunk_link","N/A","0.58","4","80","Divided Multi-Lane","Satisfactory (PCI 55-69)"
"PAT-RD-0651","Patna Bypass / Expressway Corridor","National Highway / Expressway","trunk_link","N/A","0.929","4","80","Divided Multi-Lane","Satisfactory (PCI 55-69)"
"PAT-RD-0652","Patna Bypass / Expressway Corridor","National Highway / Expressway","trunk_link","N/A","0.293","4","80","Divided Multi-Lane","Satisfactory (PCI 55-69)"
"PAT-RD-0653","Patna Bypass / Expressway Corridor","National Highway / Expressway","trunk_link","N/A","0.053","4","80","Divided Multi-Lane","Satisfactory (PCI 55-69)"
"PAT-RD-0654","Patna Bypass / Expressway Corridor","National Highway / Expressway","trunk_link","N/A","0.053","4","80","Divided Multi-Lane","Good (PCI 85-100)"
"PAT-RD-0655","Major City Arterial","Primary Arterial Road","primary","N/A","0.034","4","60","Divided Multi-Lane","Fair (PCI 70-84)"
"PAT-RD-0656","Primary Arterial (SH1)","Primary Arterial Road","primary","SH1","0.06","4","60","Divided Multi-Lane","Fair (PCI 70-84)"
"PAT-RD-0657","NH Corridor (NH22)","National Highway / Expressway","trunk","NH22","4.976","4","80","Divided Multi-Lane","Fair (PCI 70-84)"
"PAT-RD-0658","NH Corridor (NH22)","National Highway / Expressway","trunk","NH22","0.085","4","80","Divided Multi-Lane","Fair (PCI 70-84)"
"PAT-RD-0659","NH Corridor (NH22)","National Highway / Expressway","trunk","NH22","0.086","4","80","Divided Multi-Lane","Fair (PCI 70-84)"
"PAT-RD-0660","NH Corridor (NH22)","National Highway / Expressway","trunk","NH22","0.517","4","80","Divided Multi-Lane","Fair (PCI 70-84)"
"PAT-RD-0661","NH Corridor (NH22)","National Highway / Expressway","trunk","NH22","0.403","4","80","Divided Multi-Lane","Fair (PCI 70-84)"
"PAT-RD-0662","NH Corridor (NH22)","National Highway / Expressway","trunk","NH22","0.402","4","80","Divided Multi-Lane","Fair (PCI 70-84)"
"PAT-RD-0663","Patna Bypass / Expressway Corridor","National Highway / Expressway","trunk","N/A","0.046","4","80","Divided Multi-Lane","Fair (PCI 70-84)"
"PAT-RD-0664","NH Corridor (NH22)","National Highway / Expressway","trunk","NH22","0.062","4","80","Divided Multi-Lane","Fair (PCI 70-84)"
"PAT-RD-0665","NH Corridor (NH22)","National Highway / Expressway","trunk","NH22","0.027","4","80","Divided Multi-Lane","Fair (PCI 70-84)"
"PAT-RD-0666","Bailey Road","National Highway / Expressway","trunk","NH922","0.162","4","80","Divided Multi-Lane","Satisfactory (PCI 55-69)"
"PAT-RD-0667","Bailey Road","National Highway / Expressway","trunk","NH922","0.547","4","80","Divided Multi-Lane","Satisfactory (PCI 55-69)"
